ID,Comment,nouns,tokenized_sents
132,"yeah, let's kick him out for a guy in who's going to bend to your displeasure and go back to not adequately funding the pension system.",19,"['yeah', ',', 'let', ""'s"", 'kick', 'him', 'out', 'for', 'a', 'guy', 'in', 'who', ""'s"", 'going', 'to', 'bend', 'to', 'your', 'displeasure', 'and', 'go', 'back', 'to', 'not', 'adequately', 'funding', 'the', 'pension', 'system', '.']"
224,"no didn't you hear snowden found the formula for immortality in the nsa documents he didn't leak, so this is a threat to have him assassinated.",16,"['no', 'did', ""n't"", 'you', 'hear', 'snowden', 'found', 'the', 'formula', 'for', 'immortality', 'in', 'the', 'nsa', 'documents', 'he', 'did', ""n't"", 'leak', ',', 'so', 'this', 'is', 'a', 'threat', 'to', 'have', 'him', 'assassinated', '.']"
198,tell her you're relieved to know that not inviting your sister won't affect your mum's devotion to you since your conduct doesn't matter one way or another.,22,"['tell', 'her', 'you', ""'re"", 'relieved', 'to', 'know', 'that', 'not', 'inviting', 'your', 'sister', 'wo', ""n't"", 'affect', 'your', 'mum', ""'s"", 'devotion', 'to', 'you', 'since', 'your', 'conduct', 'does', ""n't"", 'matter', 'one', 'way', 'or', 'another', '.']"
201,"did you consider the fact that not everyone wants to get ahead on their corporate job, which in the long run is usually a good thing.",19,"['did', 'you', 'consider', 'the', 'fact', 'that', 'not', 'everyone', 'wants', 'to', 'get', 'ahead', 'on', 'their', 'corporate', 'job', ',', 'which', 'in', 'the', 'long', 'run', 'is', 'usually', 'a', 'good', 'thing', '.']"
151,if there's one thing i've learned from reddit it's that you should take social advice from it and if there's conflicting things comments just take the highest voted one,22,"['if', 'there', ""'s"", 'one', 'thing', 'i', ""'ve"", 'learned', 'from', 'reddit', 'it', ""'s"", 'that', 'you', 'should', 'take', 'social', 'advice', 'from', 'it', 'and', 'if', 'there', ""'s"", 'conflicting', 'things', 'comments', 'just', 'take', 'the', 'highest', 'voted', 'one']"
100,"forget about about homosexuality, personally i think we should bring back stoning to death of adulterers and punish all the heathens having babies out of wedlock...",17,"['forget', 'about', 'about', 'homosexuality', ',', 'personally', 'i', 'think', 'we', 'should', 'bring', 'back', 'stoning', 'to', 'death', 'of', 'adulterers', 'and', 'punish', 'all', 'the', 'heathens', 'having', 'babies', 'out', 'of', 'wedlock', '...']"
162,"but that's fine as long as it's not *my* civil liberties i'm not a bad person like those people, so i have nothing to worry about",20,"['but', 'that', ""'s"", 'fine', 'as', 'long', 'as', 'it', ""'s"", 'not', '*my*', 'civil', 'liberties', 'i', ""'m"", 'not', 'a', 'bad', 'person', 'like', 'those', 'people', ',', 'so', 'i', 'have', 'nothing', 'to', 'worry', 'about']"
25,"add, acute stress disorder, male erectile disorder, hyper sexuality, narcissism, premature ejaculate disorder, dyslexia - all perfectly good reasons to put these threats to society on this list.",29,"['add', ',', 'acute', 'stress', 'disorder', ',', 'male', 'erectile', 'disorder', ',', 'hyper', 'sexuality', ',', 'narcissism', ',', 'premature', 'ejaculate', 'disorder', ',', 'dyslexia', '-', 'all', 'perfectly', 'good', 'reasons', 'to', 'put', 'these', 'threats', 'to', 'society', 'on', 'this', 'list', '.']"
208,"he's given so much evidence as the public figure he's been his entire adult life, not just during this bid for the presidency, that he wouldn't be corrupt.",23,"['he', ""'s"", 'given', 'so', 'much', 'evidence', 'as', 'the', 'public', 'figure', 'he', ""'s"", 'been', 'his', 'entire', 'adult', 'life', ',', 'not', 'just', 'during', 'this', 'bid', 'for', 'the', 'presidency', ',', 'that', 'he', 'would', ""n't"", 'be', 'corrupt', '.']"
155,"""most talented surgeons are total cunts"" yeah dude i can tell you definitely have your facts straight and that you make generalizations that aren't full of shit.",25,"['``', 'most', 'talented', 'surgeons', 'are', 'total', 'cunts', ""''"", 'yeah', 'dude', 'i', 'can', 'tell', 'you', 'definitely', 'have', 'your', 'facts', 'straight', 'and', 'that', 'you', 'make', 'generalizations', 'that', 'are', ""n't"", 'full', 'of', 'shit', '.']"
187,"yeah man, like all those oil companies buying up the patents for the super efficient carburetors and shelving them so they can keep selling lots of oil!",17,"['yeah', 'man', ',', 'like', 'all', 'those', 'oil', 'companies', 'buying', 'up', 'the', 'patents', 'for', 'the', 'super', 'efficient', 'carburetors', 'and', 'shelving', 'them', 'so', 'they', 'can', 'keep', 'selling', 'lots', 'of', 'oil', '!']"
86,"because i know that when i want to steal a guy from his girlfriend, all i need to do is like facebook pics of his pets.",19,"['because', 'i', 'know', 'that', 'when', 'i', 'want', 'to', 'steal', 'a', 'guy', 'from', 'his', 'girlfriend', ',', 'all', 'i', 'need', 'to', 'do', 'is', 'like', 'facebook', 'pics', 'of', 'his', 'pets', '.']"
182,i wonder if a screengrab from this video will be included on the news report of this kid killing a bunch of people because of this game.,14,"['i', 'wonder', 'if', 'a', 'screengrab', 'from', 'this', 'video', 'will', 'be', 'included', 'on', 'the', 'news', 'report', 'of', 'this', 'kid', 'killing', 'a', 'bunch', 'of', 'people', 'because', 'of', 'this', 'game', '.']"
195,"well, the mother was told her child was possessed by evil spirits, which is a perfectly reasonable attitude in this day and age.....and ah... we gotta respect her beliefs.",29,"['well', ',', 'the', 'mother', 'was', 'told', 'her', 'child', 'was', 'possessed', 'by', 'evil', 'spirits', ',', 'which', 'is', 'a', 'perfectly', 'reasonable', 'attitude', 'in', 'this', 'day', 'and', 'age', '...', '..and', 'ah', '...', 'we', 'got', 'ta', 'respect', 'her', 'beliefs', '.']"
50,"yeah because if there's any place that's likely to give men custody of their children and leave financial support to the women, it's 2nd and 3rd world countries.",24,"['yeah', 'because', 'if', 'there', ""'s"", 'any', 'place', 'that', ""'s"", 'likely', 'to', 'give', 'men', 'custody', 'of', 'their', 'children', 'and', 'leave', 'financial', 'support', 'to', 'the', 'women', ',', 'it', ""'s"", '2nd', 'and', '3rd', 'world', 'countries', '.']"
31,"it's the lack of oxygen in your system due to having small lungs, unlike me, because you're tiny (and i'm big) that causes drowning not the water.",24,"['it', ""'s"", 'the', 'lack', 'of', 'oxygen', 'in', 'your', 'system', 'due', 'to', 'having', 'small', 'lungs', ',', 'unlike', 'me', ',', 'because', 'you', ""'re"", 'tiny', '(', 'and', 'i', ""'m"", 'big', ')', 'that', 'causes', 'drowning', 'not', 'the', 'water', '.']"
70,"well, considering that bitcoin is a cia project and they already have all of satoshi's stash, i'd say no because they already have 5% of all possible coins.",22,"['well', ',', 'considering', 'that', 'bitcoin', 'is', 'a', 'cia', 'project', 'and', 'they', 'already', 'have', 'all', 'of', 'satoshi', ""'s"", 'stash', ',', 'i', ""'d"", 'say', 'no', 'because', 'they', 'already', 'have', '5', '%', 'of', 'all', 'possible', 'coins', '.']"
245,man why does the south have such a hate against people who shit on them and call them scum man i just can't figure it out,16,"['man', 'why', 'does', 'the', 'south', 'have', 'such', 'a', 'hate', 'against', 'people', 'who', 'shit', 'on', 'them', 'and', 'call', 'them', 'scum', 'man', 'i', 'just', 'ca', ""n't"", 'figure', 'it', 'out']"
74,"yes, 3 weeks is an appropriate amount of time to say that we love bb8 as much as we've loved r2d2 for the last 40 years...",20,"['yes', ',', '3', 'weeks', 'is', 'an', 'appropriate', 'amount', 'of', 'time', 'to', 'say', 'that', 'we', 'love', 'bb8', 'as', 'much', 'as', 'we', ""'ve"", 'loved', 'r2d2', 'for', 'the', 'last', '40', 'years', '...']"
112,that's obviously because microsoft made it so their tablet would recognize chrome and make it run slower on purpose which in turn makes ie look better in comparison.,17,"['that', ""'s"", 'obviously', 'because', 'microsoft', 'made', 'it', 'so', 'their', 'tablet', 'would', 'recognize', 'chrome', 'and', 'make', 'it', 'run', 'slower', 'on', 'purpose', 'which', 'in', 'turn', 'makes', 'ie', 'look', 'better', 'in', 'comparison', '.']"
152,yeah i would have totally preferred to watch a slow game with 8 kills where 1 team just slowly loses the game without any fights happening.,20,"['yeah', 'i', 'would', 'have', 'totally', 'preferred', 'to', 'watch', 'a', 'slow', 'game', 'with', '8', 'kills', 'where', '1', 'team', 'just', 'slowly', 'loses', 'the', 'game', 'without', 'any', 'fights', 'happening', '.']"
10,you have to add the noise from a old style reel to reel movie projector as well as simulating film and splicing artifacts for the full cinematic experience.,19,"['you', 'have', 'to', 'add', 'the', 'noise', 'from', 'a', 'old', 'style', 'reel', 'to', 'reel', 'movie', 'projector', 'as', 'well', 'as', 'simulating', 'film', 'and', 'splicing', 'artifacts', 'for', 'the', 'full', 'cinematic', 'experience', '.']"
47,"but i thought that was the point of people still using java, machines are fast enough these days that performance problems from bad code (good java) is negligible",25,"['but', 'i', 'thought', 'that', 'was', 'the', 'point', 'of', 'people', 'still', 'using', 'java', ',', 'machines', 'are', 'fast', 'enough', 'these', 'days', 'that', 'performance', 'problems', 'from', 'bad', 'code', '(', 'good', 'java', ')', 'is', 'negligible']"
235,don't you know that the poor immigrants deserve to go to school and if the school denies them then they need to check their white privilege?,17,"['do', ""n't"", 'you', 'know', 'that', 'the', 'poor', 'immigrants', 'deserve', 'to', 'go', 'to', 'school', 'and', 'if', 'the', 'school', 'denies', 'them', 'then', 'they', 'need', 'to', 'check', 'their', 'white', 'privilege', '?']"
233,well i would rather like to think aap as a bjp agent since what aap is actually doing by abusing modi and bjp is eating away congress votes.,0,"['well', 'i', 'would', 'rather', 'like', 'to', 'think', 'aap', 'as', 'a', 'bjp', 'agent', 'since', 'what', 'aap', 'is', 'actually', 'doing', 'by', 'abusing', 'modi', 'and', 'bjp', 'is', 'eating', 'away', 'congress', 'votes', '.']"
244,and how dare us retail staff complain about wanting to go home at the end our working day on time when we're getting all that overtime.,19,"['and', 'how', 'dare', 'us', 'retail', 'staff', 'complain', 'about', 'wanting', 'to', 'go', 'home', 'at', 'the', 'end', 'our', 'working', 'day', 'on', 'time', 'when', 'we', ""'re"", 'getting', 'all', 'that', 'overtime', '.']"
24,"and the ipad was made in china and apple contributed money to the clinton foundation so, well, as you can see there is smoke and a fire",19,"['and', 'the', 'ipad', 'was', 'made', 'in', 'china', 'and', 'apple', 'contributed', 'money', 'to', 'the', 'clinton', 'foundation', 'so', ',', 'well', ',', 'as', 'you', 'can', 'see', 'there', 'is', 'smoke', 'and', 'a', 'fire']"
179,"i was going to do a ""my mom came into my room"" joke but she is voting clinton, so after tomorrow she is dead too me!",22,"['i', 'was', 'going', 'to', 'do', 'a', '``', 'my', 'mom', 'came', 'into', 'my', 'room', ""''"", 'joke', 'but', 'she', 'is', 'voting', 'clinton', ',', 'so', 'after', 'tomorrow', 'she', 'is', 'dead', 'too', 'me', '!']"
148,well of course i can sell this old laptop with a smashed motherboard and a hard drive full of malware from questionable porn sites for a new phone!,18,"['well', 'of', 'course', 'i', 'can', 'sell', 'this', 'old', 'laptop', 'with', 'a', 'smashed', 'motherboard', 'and', 'a', 'hard', 'drive', 'full', 'of', 'malware', 'from', 'questionable', 'porn', 'sites', 'for', 'a', 'new', 'phone', '!']"
171,"cutthroat kitchen gave one of the chefs vegan hot dogs as a sabotage, but that means watching food network directly supports the purchase of vegan hot dogs.",21,"['cutthroat', 'kitchen', 'gave', 'one', 'of', 'the', 'chefs', 'vegan', 'hot', 'dogs', 'as', 'a', 'sabotage', ',', 'but', 'that', 'means', 'watching', 'food', 'network', 'directly', 'supports', 'the', 'purchase', 'of', 'vegan', 'hot', 'dogs', '.']"
233,"sure and of course all victim blaming occurs only by males, is entirely the norm and therefore it's entirely appropriate to use wholesale misandry to point that out.",19,"['sure', 'and', 'of', 'course', 'all', 'victim', 'blaming', 'occurs', 'only', 'by', 'males', ',', 'is', 'entirely', 'the', 'norm', 'and', 'therefore', 'it', ""'s"", 'entirely', 'appropriate', 'to', 'use', 'wholesale', 'misandry', 'to', 'point', 'that', 'out', '.']"
142,"everything is clear now, all the complaints and whining about shipping posted here are actually scalpers who dont know what to say to their buyers !",23,"['everything', 'is', 'clear', 'now', ',', 'all', 'the', 'complaints', 'and', 'whining', 'about', 'shipping', 'posted', 'here', 'are', 'actually', 'scalpers', 'who', 'dont', 'know', 'what', 'to', 'say', 'to', 'their', 'buyers', '!']"
51,"yea, i mean if you *don't* pull out a gun, obviously you are a coward and you don't love your girl as much as the other guy.",19,"['yea', ',', 'i', 'mean', 'if', 'you', ""*don't*"", 'pull', 'out', 'a', 'gun', ',', 'obviously', 'you', 'are', 'a', 'coward', 'and', 'you', 'do', ""n't"", 'love', 'your', 'girl', 'as', 'much', 'as', 'the', 'other', 'guy', '.']"
143,"but if rand becomes president then hillary won't, so we have to try hard to ensure that the great hillary can become our leader, because she cares!",20,"['but', 'if', 'rand', 'becomes', 'president', 'then', 'hillary', 'wo', ""n't"", ',', 'so', 'we', 'have', 'to', 'try', 'hard', 'to', 'ensure', 'that', 'the', 'great', 'hillary', 'can', 'become', 'our', 'leader', ',', 'because', 'she', 'cares', '!']"
118,i also feel the need to express my dominance over a nice person who shares my interests because i am also a sad excuse for a human.,20,"['i', 'also', 'feel', 'the', 'need', 'to', 'express', 'my', 'dominance', 'over', 'a', 'nice', 'person', 'who', 'shares', 'my', 'interests', 'because', 'i', 'am', 'also', 'a', 'sad', 'excuse', 'for', 'a', 'human', '.']"
100,lmao yea let them go to america where they cant even go safely to church or the movies or even get shot by a police officer,12,"['lmao', 'yea', 'let', 'them', 'go', 'to', 'america', 'where', 'they', 'cant', 'even', 'go', 'safely', 'to', 'church', 'or', 'the', 'movies', 'or', 'even', 'get', 'shot', 'by', 'a', 'police', 'officer']"
20,"this just proves that le 80s were better before everyone, even the cool kids, turned into a bunch of pc wimps who can't handle a little edge.",22,"['this', 'just', 'proves', 'that', 'le', '80s', 'were', 'better', 'before', 'everyone', ',', 'even', 'the', 'cool', 'kids', ',', 'turned', 'into', 'a', 'bunch', 'of', 'pc', 'wimps', 'who', 'ca', ""n't"", 'handle', 'a', 'little', 'edge', '.']"
21,"but bro i only lost because my team sucks and the game sucks, and the guns suck, and there were hackers, and lag comp and and and and....",21,"['but', 'bro', 'i', 'only', 'lost', 'because', 'my', 'team', 'sucks', 'and', 'the', 'game', 'sucks', ',', 'and', 'the', 'guns', 'suck', ',', 'and', 'there', 'were', 'hackers', ',', 'and', 'lag', 'comp', 'and', 'and', 'and', 'and', '...', '.']"
6,i enjoy playing with people that never talk or call out anything but only when you're the last man standing and they start complaining about you playing bad.,19,"['i', 'enjoy', 'playing', 'with', 'people', 'that', 'never', 'talk', 'or', 'call', 'out', 'anything', 'but', 'only', 'when', 'you', ""'re"", 'the', 'last', 'man', 'standing', 'and', 'they', 'start', 'complaining', 'about', 'you', 'playing', 'bad', '.']"
50,"yeah, i could imagine seeing nintendo be like "" well, most of all trailers and screenshots were from wii u but we cancelled it ok bye! """,19,"['yeah', ',', 'i', 'could', 'imagine', 'seeing', 'nintendo', 'be', 'like', '``', 'well', ',', 'most', 'of', 'all', 'trailers', 'and', 'screenshots', 'were', 'from', 'wii', 'u', 'but', 'we', 'cancelled', 'it', 'ok', 'bye', '!', '``']"
128,"so ungrateful op, he was willing to give you a shot as long as you were willing to change and grow (mentally, not physically obviously)...what a guy.",24,"['so', 'ungrateful', 'op', ',', 'he', 'was', 'willing', 'to', 'give', 'you', 'a', 'shot', 'as', 'long', 'as', 'you', 'were', 'willing', 'to', 'change', 'and', 'grow', '(', 'mentally', ',', 'not', 'physically', 'obviously', ')', '...', 'what', 'a', 'guy', '.']"
32,hurr durr someone disagrees with me and doesn't believe that wealth is something to be disparaged cause i'm not a retarded socialist so they must be a troll.,20,"['hurr', 'durr', 'someone', 'disagrees', 'with', 'me', 'and', 'does', ""n't"", 'believe', 'that', 'wealth', 'is', 'something', 'to', 'be', 'disparaged', 'cause', 'i', ""'m"", 'not', 'a', 'retarded', 'socialist', 'so', 'they', 'must', 'be', 'a', 'troll', '.']"
117,"yeah, an ice cream is so much less creative than a pokeball with eyes or a pile of sludge with eyes or a rock with eyes.",17,"['yeah', ',', 'an', 'ice', 'cream', 'is', 'so', 'much', 'less', 'creative', 'than', 'a', 'pokeball', 'with', 'eyes', 'or', 'a', 'pile', 'of', 'sludge', 'with', 'eyes', 'or', 'a', 'rock', 'with', 'eyes', '.']"
244,"""i mean, he was burned so badly, it was down to his flesh,"" said mccrea this lady sounds like she knows what she is talking about",24,"['``', 'i', 'mean', ',', 'he', 'was', 'burned', 'so', 'badly', ',', 'it', 'was', 'down', 'to', 'his', 'flesh', ',', ""''"", 'said', 'mccrea', 'this', 'lady', 'sounds', 'like', 'she', 'knows', 'what', 'she', 'is', 'talking', 'about']"
41,"i mean seriously think about what you said for a second, how can they possibly know when the flights are going to be leaving at an airport?",20,"['i', 'mean', 'seriously', 'think', 'about', 'what', 'you', 'said', 'for', 'a', 'second', ',', 'how', 'can', 'they', 'possibly', 'know', 'when', 'the', 'flights', 'are', 'going', 'to', 'be', 'leaving', 'at', 'an', 'airport', '?']"
241,because he's not played so much anymore i remember the time when he was played in competitive and he'd just oneshot people straight from 100-0 good champ imo.,21,"['because', 'he', ""'s"", 'not', 'played', 'so', 'much', 'anymore', 'i', 'remember', 'the', 'time', 'when', 'he', 'was', 'played', 'in', 'competitive', 'and', 'he', ""'d"", 'just', 'oneshot', 'people', 'straight', 'from', '100-0', 'good', 'champ', 'imo', '.']"
107,"dana is a piece of shit, he is bad for the sport and the only reason he gave them the money is because it was being filmed.",17,"['dana', 'is', 'a', 'piece', 'of', 'shit', ',', 'he', 'is', 'bad', 'for', 'the', 'sport', 'and', 'the', 'only', 'reason', 'he', 'gave', 'them', 'the', 'money', 'is', 'because', 'it', 'was', 'being', 'filmed', '.']"
172,"thank god someone is taking a stand, these male panhandlers with all their privilege and benefiting from institutional misogyny have had an easy ride for too long!",21,"['thank', 'god', 'someone', 'is', 'taking', 'a', 'stand', ',', 'these', 'male', 'panhandlers', 'with', 'all', 'their', 'privilege', 'and', 'benefiting', 'from', 'institutional', 'misogyny', 'have', 'had', 'an', 'easy', 'ride', 'for', 'too', 'long', '!']"
209,"if they can't afford to be poor in wi, maybe they'll all move to mn or il and it will help our state in the long run.",15,"['if', 'they', 'ca', ""n't"", 'afford', 'to', 'be', 'poor', 'in', 'wi', ',', 'maybe', 'they', ""'ll"", 'all', 'move', 'to', 'mn', 'or', 'il', 'and', 'it', 'will', 'help', 'our', 'state', 'in', 'the', 'long', 'run', '.']"
29,yeah taking away a character's story and making him sexually obsessed with pickles is totally not the work of a fucking moron nope not at all,17,"['yeah', 'taking', 'away', 'a', 'character', ""'s"", 'story', 'and', 'making', 'him', 'sexually', 'obsessed', 'with', 'pickles', 'is', 'totally', 'not', 'the', 'work', 'of', 'a', 'fucking', 'moron', 'nope', 'not', 'at', 'all']"
4,"you're right, the part of the american justice system that manages copy right is also the same people who deploy the army and handle foreign policy",21,"['you', ""'re"", 'right', ',', 'the', 'part', 'of', 'the', 'american', 'justice', 'system', 'that', 'manages', 'copy', 'right', 'is', 'also', 'the', 'same', 'people', 'who', 'deploy', 'the', 'army', 'and', 'handle', 'foreign', 'policy']"
229,"[i thought this jaina is a dreadlord was just a little joke, but after doing the alliance starting experience in the beta i really think she might be.]",21,"['[', 'i', 'thought', 'this', 'jaina', 'is', 'a', 'dreadlord', 'was', 'just', 'a', 'little', 'joke', ',', 'but', 'after', 'doing', 'the', 'alliance', 'starting', 'experience', 'in', 'the', 'beta', 'i', 'really', 'think', 'she', 'might', 'be', '.', ']']"
232,"oh man you got me, a political discussion in the capitol held on the taxpayers dime, this is a once in a life time deal right here!",19,"['oh', 'man', 'you', 'got', 'me', ',', 'a', 'political', 'discussion', 'in', 'the', 'capitol', 'held', 'on', 'the', 'taxpayers', 'dime', ',', 'this', 'is', 'a', 'once', 'in', 'a', 'life', 'time', 'deal', 'right', 'here', '!']"
28,"i saw 6 vines and only 14 pedestrians and 12 cars, this game is shit and i will never buy it you are all suckers and idiots jbdfguiaehbnroguinsdjkacfnvl",20,"['i', 'saw', '6', 'vines', 'and', 'only', '14', 'pedestrians', 'and', '12', 'cars', ',', 'this', 'game', 'is', 'shit', 'and', 'i', 'will', 'never', 'buy', 'it', 'you', 'are', 'all', 'suckers', 'and', 'idiots', 'jbdfguiaehbnroguinsdjkacfnvl']"
129,"maybe we need some of those cheap dashcams that are so popular in russia, attach them to their rockets so we can just check youtube for the evidence",18,"['maybe', 'we', 'need', 'some', 'of', 'those', 'cheap', 'dashcams', 'that', 'are', 'so', 'popular', 'in', 'russia', ',', 'attach', 'them', 'to', 'their', 'rockets', 'so', 'we', 'can', 'just', 'check', 'youtube', 'for', 'the', 'evidence']"
153,"no, but you see, for a female action character to be good at what she does, she has to completely abandon any sense of emotion or humanity",17,"['no', ',', 'but', 'you', 'see', ',', 'for', 'a', 'female', 'action', 'character', 'to', 'be', 'good', 'at', 'what', 'she', 'does', ',', 'she', 'has', 'to', 'completely', 'abandon', 'any', 'sense', 'of', 'emotion', 'or', 'humanity']"
15,if you look to your left you will see illinois... it has had a minimum wage of federal min &lt;$1+ for many years... they are in a great position,23,"['if', 'you', 'look', 'to', 'your', 'left', 'you', 'will', 'see', 'illinois', '...', 'it', 'has', 'had', 'a', 'minimum', 'wage', 'of', 'federal', 'min', '&', 'lt', ';', '$', '1+', 'for', 'many', 'years', '...', 'they', 'are', 'in', 'a', 'great', 'position']"
147,no stop shut up trading is always horrible and the community is full of assholes all the time and there's no reason to think otherwise ever.,19,"['no', 'stop', 'shut', 'up', 'trading', 'is', 'always', 'horrible', 'and', 'the', 'community', 'is', 'full', 'of', 'assholes', 'all', 'the', 'time', 'and', 'there', ""'s"", 'no', 'reason', 'to', 'think', 'otherwise', 'ever', '.']"
84,"there once was a great, peaceful leader who said *""an eye for an eye leaves the world blind""* what an idiot, these rapists **deserve** to get raped!",25,"['there', 'once', 'was', 'a', 'great', ',', 'peaceful', 'leader', 'who', 'said', '*', ""''"", 'an', 'eye', 'for', 'an', 'eye', 'leaves', 'the', 'world', 'blind', ""''"", '*', 'what', 'an', 'idiot', ',', 'these', 'rapists', '**deserve**', 'to', 'get', 'raped', '!']"
162,you should be ashamed of yourself for not understanding the government hates you and is part of a mass conspiracy to take all of your money and freedumb.,15,"['you', 'should', 'be', 'ashamed', 'of', 'yourself', 'for', 'not', 'understanding', 'the', 'government', 'hates', 'you', 'and', 'is', 'part', 'of', 'a', 'mass', 'conspiracy', 'to', 'take', 'all', 'of', 'your', 'money', 'and', 'freedumb', '.']"
70,but how the hell do you expect me to feel better about my own insecurities if i can't make fun of this lady hiding behind a keyboard?,16,"['but', 'how', 'the', 'hell', 'do', 'you', 'expect', 'me', 'to', 'feel', 'better', 'about', 'my', 'own', 'insecurities', 'if', 'i', 'ca', ""n't"", 'make', 'fun', 'of', 'this', 'lady', 'hiding', 'behind', 'a', 'keyboard', '?']"
98,"maybe they need something new to replace those old cannons in the city park, you know how they turn some of this old stuff into climbing structures?",18,"['maybe', 'they', 'need', 'something', 'new', 'to', 'replace', 'those', 'old', 'cannons', 'in', 'the', 'city', 'park', ',', 'you', 'know', 'how', 'they', 'turn', 'some', 'of', 'this', 'old', 'stuff', 'into', 'climbing', 'structures', '?']"
182,pretty sure rick fox was in that bathroom and coordinated keith and big to give tsm members details on a throw deal which he would pay for,17,"['pretty', 'sure', 'rick', 'fox', 'was', 'in', 'that', 'bathroom', 'and', 'coordinated', 'keith', 'and', 'big', 'to', 'give', 'tsm', 'members', 'details', 'on', 'a', 'throw', 'deal', 'which', 'he', 'would', 'pay', 'for']"
71,"why would you be divided over a game where you can make your money back from trading cards, in that regard the review is kinda useful",17,"['why', 'would', 'you', 'be', 'divided', 'over', 'a', 'game', 'where', 'you', 'can', 'make', 'your', 'money', 'back', 'from', 'trading', 'cards', ',', 'in', 'that', 'regard', 'the', 'review', 'is', 'kinda', 'useful']"
207,"gee, i guess if players wanted to pigeonhole themselves into one class and one spec for their first 100+ hours they might not have to spend money",19,"['gee', ',', 'i', 'guess', 'if', 'players', 'wanted', 'to', 'pigeonhole', 'themselves', 'into', 'one', 'class', 'and', 'one', 'spec', 'for', 'their', 'first', '100+', 'hours', 'they', 'might', 'not', 'have', 'to', 'spend', 'money']"
157,when they are on land you are supposed to say something snarky about how they use iphones and macbooks even though they are protesting a corporation.,17,"['when', 'they', 'are', 'on', 'land', 'you', 'are', 'supposed', 'to', 'say', 'something', 'snarky', 'about', 'how', 'they', 'use', 'iphones', 'and', 'macbooks', 'even', 'though', 'they', 'are', 'protesting', 'a', 'corporation', '.']"
33,"for $60, it would've been nice if they had made it out of titanium with at least a fully functional geiger counter and radio and nuclear fusion power source.",21,"['for', '$', '60', ',', 'it', 'would', ""'ve"", 'been', 'nice', 'if', 'they', 'had', 'made', 'it', 'out', 'of', 'titanium', 'with', 'at', 'least', 'a', 'fully', 'functional', 'geiger', 'counter', 'and', 'radio', 'and', 'nuclear', 'fusion', 'power', 'source', '.']"
55,and the wedding guests have to pay back the cost of their meal at the reception plus the cost of the slice of cake they ate.,13,"['and', 'the', 'wedding', 'guests', 'have', 'to', 'pay', 'back', 'the', 'cost', 'of', 'their', 'meal', 'at', 'the', 'reception', 'plus', 'the', 'cost', 'of', 'the', 'slice', 'of', 'cake', 'they', 'ate', '.']"
22,"i was just going to say: the game needs to be patched, so there is a recall so nintendo can put out the patched version of the game.",21,"['i', 'was', 'just', 'going', 'to', 'say', ':', 'the', 'game', 'needs', 'to', 'be', 'patched', ',', 'so', 'there', 'is', 'a', 'recall', 'so', 'nintendo', 'can', 'put', 'out', 'the', 'patched', 'version', 'of', 'the', 'game', '.']"
4,i mean i could tell he hated immigrants just from looking at him but this is a whole new level of conviction against the brown menace on his streets,17,"['i', 'mean', 'i', 'could', 'tell', 'he', 'hated', 'immigrants', 'just', 'from', 'looking', 'at', 'him', 'but', 'this', 'is', 'a', 'whole', 'new', 'level', 'of', 'conviction', 'against', 'the', 'brown', 'menace', 'on', 'his', 'streets']"
144,"ya, kid totally deserves jail.. that or maybe just cut out the middle man and let a cop shoot him for fear of being run over.",17,"['ya', ',', 'kid', 'totally', 'deserves', 'jail..', 'that', 'or', 'maybe', 'just', 'cut', 'out', 'the', 'middle', 'man', 'and', 'let', 'a', 'cop', 'shoot', 'him', 'for', 'fear', 'of', 'being', 'run', 'over', '.']"
252,maybe he was having visions of his past life as a gladiator in the arena and thought the pillow fight was a fight to the death.,17,"['maybe', 'he', 'was', 'having', 'visions', 'of', 'his', 'past', 'life', 'as', 'a', 'gladiator', 'in', 'the', 'arena', 'and', 'thought', 'the', 'pillow', 'fight', 'was', 'a', 'fight', 'to', 'the', 'death', '.']"
210,oh pins yea i just shove my finger in and press them down and pick up the board by only the socket right without a cover right,13,"['oh', 'pins', 'yea', 'i', 'just', 'shove', 'my', 'finger', 'in', 'and', 'press', 'them', 'down', 'and', 'pick', 'up', 'the', 'board', 'by', 'only', 'the', 'socket', 'right', 'without', 'a', 'cover', 'right']"
205,nice of them to broadcast these people's mugshots and charges so that we'll know what these monsters look like when they go on to commit mass murder.,17,"['nice', 'of', 'them', 'to', 'broadcast', 'these', 'people', ""'s"", 'mugshots', 'and', 'charges', 'so', 'that', 'we', ""'ll"", 'know', 'what', 'these', 'monsters', 'look', 'like', 'when', 'they', 'go', 'on', 'to', 'commit', 'mass', 'murder', '.']"
137,"don't be silly, if you did that then you'd have to start measuring things you actually care about rather than vanity metrics like ""hits"" or serp positions",18,"['do', ""n't"", 'be', 'silly', ',', 'if', 'you', 'did', 'that', 'then', 'you', ""'d"", 'have', 'to', 'start', 'measuring', 'things', 'you', 'actually', 'care', 'about', 'rather', 'than', 'vanity', 'metrics', 'like', '``', 'hits', ""''"", 'or', 'serp', 'positions']"
39,that's strange because i recall a man in a car trying to race me in my 3 series some time ago and he stalled it off the line...,17,"['that', ""'s"", 'strange', 'because', 'i', 'recall', 'a', 'man', 'in', 'a', 'car', 'trying', 'to', 'race', 'me', 'in', 'my', '3', 'series', 'some', 'time', 'ago', 'and', 'he', 'stalled', 'it', 'off', 'the', 'line', '...']"
39,but their outrage goes against the world policy of we are all one people...teach the kids young and now before we become more separated but equal.,18,"['but', 'their', 'outrage', 'goes', 'against', 'the', 'world', 'policy', 'of', 'we', 'are', 'all', 'one', 'people', '...', 'teach', 'the', 'kids', 'young', 'and', 'now', 'before', 'we', 'become', 'more', 'separated', 'but', 'equal', '.']"
158,"in their defense, it can be awfully hard to see a massive vehicle, full of lit windows, that is all the way across the road way.",20,"['in', 'their', 'defense', ',', 'it', 'can', 'be', 'awfully', 'hard', 'to', 'see', 'a', 'massive', 'vehicle', ',', 'full', 'of', 'lit', 'windows', ',', 'that', 'is', 'all', 'the', 'way', 'across', 'the', 'road', 'way', '.']"
82,"i too hope that this body isn't jessica ridgeway and instead belongs to some less photogenic kid, preferably a minority since we don't really care about them.",21,"['i', 'too', 'hope', 'that', 'this', 'body', 'is', ""n't"", 'jessica', 'ridgeway', 'and', 'instead', 'belongs', 'to', 'some', 'less', 'photogenic', 'kid', ',', 'preferably', 'a', 'minority', 'since', 'we', 'do', ""n't"", 'really', 'care', 'about', 'them', '.']"
199,its funny because i am a reddit fedora and i never get a raise because i am socially awkward and i like to blame my boss for it!,18,"['its', 'funny', 'because', 'i', 'am', 'a', 'reddit', 'fedora', 'and', 'i', 'never', 'get', 'a', 'raise', 'because', 'i', 'am', 'socially', 'awkward', 'and', 'i', 'like', 'to', 'blame', 'my', 'boss', 'for', 'it', '!']"
189,"yeah, i saw a guy talking about babkers getting raises from bailout money, because bailouts are free money and not emergency loans that were paid back with interest",24,"['yeah', ',', 'i', 'saw', 'a', 'guy', 'talking', 'about', 'babkers', 'getting', 'raises', 'from', 'bailout', 'money', ',', 'because', 'bailouts', 'are', 'free', 'money', 'and', 'not', 'emergency', 'loans', 'that', 'were', 'paid', 'back', 'with', 'interest']"
220,"see this is why the general should go back playing in the lcs he'd make a great shot caller, giving the opponents the least amount of gold possible",17,"['see', 'this', 'is', 'why', 'the', 'general', 'should', 'go', 'back', 'playing', 'in', 'the', 'lcs', 'he', ""'d"", 'make', 'a', 'great', 'shot', 'caller', ',', 'giving', 'the', 'opponents', 'the', 'least', 'amount', 'of', 'gold', 'possible']"
160,"yeah, because nb and ns both need another 50,000 poor people on their dime so that people in ontario have a convenient place to vacation down south.",18,"['yeah', ',', 'because', 'nb', 'and', 'ns', 'both', 'need', 'another', '50,000', 'poor', 'people', 'on', 'their', 'dime', 'so', 'that', 'people', 'in', 'ontario', 'have', 'a', 'convenient', 'place', 'to', 'vacation', 'down', 'south', '.']"
170,"the funny thing is that if we were just a mile closer to or further from the sun, earth would be nothing but a barren wasteland.",17,"['the', 'funny', 'thing', 'is', 'that', 'if', 'we', 'were', 'just', 'a', 'mile', 'closer', 'to', 'or', 'further', 'from', 'the', 'sun', ',', 'earth', 'would', 'be', 'nothing', 'but', 'a', 'barren', 'wasteland', '.']"
54,"killing people you work with = wrong killing people who doesn't speak the same language, don't work with you and were born in a different land = right",21,"['killing', 'people', 'you', 'work', 'with', '=', 'wrong', 'killing', 'people', 'who', 'does', ""n't"", 'speak', 'the', 'same', 'language', ',', 'do', ""n't"", 'work', 'with', 'you', 'and', 'were', 'born', 'in', 'a', 'different', 'land', '=', 'right']"
22,"umm yeah why arent you all on your knees worshipping our god king and saviour based potus bernie ""420 noscope"" sanders pbuh #hailbernie #hailreddit #feelthebern #tuckfrump ^^^^^^^^",29,"['umm', 'yeah', 'why', 'arent', 'you', 'all', 'on', 'your', 'knees', 'worshipping', 'our', 'god', 'king', 'and', 'saviour', 'based', 'potus', 'bernie', '``', '420', 'noscope', ""''"", 'sanders', 'pbuh', '#', 'hailbernie', '#', 'hailreddit', '#', 'feelthebern', '#', 'tuckfrump', '^^^^^^^^']"
90,"well you try making a living raising 3 kids as a minimum wage slave, when some penny pinching personal financier only tips you about 20% gotta make those ducats",24,"['well', 'you', 'try', 'making', 'a', 'living', 'raising', '3', 'kids', 'as', 'a', 'minimum', 'wage', 'slave', ',', 'when', 'some', 'penny', 'pinching', 'personal', 'financier', 'only', 'tips', 'you', 'about', '20', '%', 'got', 'ta', 'make', 'those', 'ducats']"
26,two day of the dead skins in the keys&amp;drones tab of the market... welp looks like i can't use the market until the limited offer ends,19,"['two', 'day', 'of', 'the', 'dead', 'skins', 'in', 'the', 'keys', '&', 'amp', ';', 'drones', 'tab', 'of', 'the', 'market', '...', 'welp', 'looks', 'like', 'i', 'ca', ""n't"", 'use', 'the', 'market', 'until', 'the', 'limited', 'offer', 'ends']"
226,"yeah but that's not technically a ""no,"" that's why the euro girls are best because they just say ""nyet"" or ""nein"" or ""nej"" and never ""no.""",29,"['yeah', 'but', 'that', ""'s"", 'not', 'technically', 'a', '``', 'no', ',', ""''"", 'that', ""'s"", 'why', 'the', 'euro', 'girls', 'are', 'best', 'because', 'they', 'just', 'say', '``', 'nyet', ""''"", 'or', '``', 'nein', ""''"", 'or', '``', 'nej', ""''"", 'and', 'never', '``', 'no', '.', ""''""]"
37,you must all be feminazi scum for having the audacity to not look like a hollywood star while submitting to the will of these alleged men.,15,"['you', 'must', 'all', 'be', 'feminazi', 'scum', 'for', 'having', 'the', 'audacity', 'to', 'not', 'look', 'like', 'a', 'hollywood', 'star', 'while', 'submitting', 'to', 'the', 'will', 'of', 'these', 'alleged', 'men', '.']"
133,but if it's the most difficult in the us it must be the most difficult in the world since us is the best country in everything!,12,"['but', 'if', 'it', ""'s"", 'the', 'most', 'difficult', 'in', 'the', 'us', 'it', 'must', 'be', 'the', 'most', 'difficult', 'in', 'the', 'world', 'since', 'us', 'is', 'the', 'best', 'country', 'in', 'everything', '!']"
140,"but as long as the kids are getting good enough grades so the teachers don't get in trouble and the district doesn't lose funding, it's all just fine.",21,"['but', 'as', 'long', 'as', 'the', 'kids', 'are', 'getting', 'good', 'enough', 'grades', 'so', 'the', 'teachers', 'do', ""n't"", 'get', 'in', 'trouble', 'and', 'the', 'district', 'does', ""n't"", 'lose', 'funding', ',', 'it', ""'s"", 'all', 'just', 'fine', '.']"
210,"yeah, because all women who want children are crazy bitches who try to lure in an innocent guy who doesn't want children by getting pregnant behind his back...",23,"['yeah', ',', 'because', 'all', 'women', 'who', 'want', 'children', 'are', 'crazy', 'bitches', 'who', 'try', 'to', 'lure', 'in', 'an', 'innocent', 'guy', 'who', 'does', ""n't"", 'want', 'children', 'by', 'getting', 'pregnant', 'behind', 'his', 'back', '...']"
144,"yeah you're right turbo wii sounds lame... they should just call it wii d to fit with the 3d craze, then i can just call it wiid....",22,"['yeah', 'you', ""'re"", 'right', 'turbo', 'wii', 'sounds', 'lame', '...', 'they', 'should', 'just', 'call', 'it', 'wii', 'd', 'to', 'fit', 'with', 'the', '3d', 'craze', ',', 'then', 'i', 'can', 'just', 'call', 'it', 'wiid', '...', '.']"
65,"they must be doing well, i aven't seen anything about libya in a few years so we must have a done a good job of the place.",18,"['they', 'must', 'be', 'doing', 'well', ',', 'i', 'ave', ""n't"", 'seen', 'anything', 'about', 'libya', 'in', 'a', 'few', 'years', 'so', 'we', 'must', 'have', 'a', 'done', 'a', 'good', 'job', 'of', 'the', 'place', '.']"
17,"okay, well in 1000 years, when that all happens, i'm sure they're look back at this impractical hyperloop project for clues as to how they'll accomplish it.",23,"['okay', ',', 'well', 'in', '1000', 'years', ',', 'when', 'that', 'all', 'happens', ',', 'i', ""'m"", 'sure', 'they', ""'re"", 'look', 'back', 'at', 'this', 'impractical', 'hyperloop', 'project', 'for', 'clues', 'as', 'to', 'how', 'they', ""'ll"", 'accomplish', 'it', '.']"
2,"huh, this wouldn't be continued evidence to support the israeli argument that hamas is not interested in anything less than wiping israel off the map, wouldn't it?",21,"['huh', ',', 'this', 'would', ""n't"", 'be', 'continued', 'evidence', 'to', 'support', 'the', 'israeli', 'argument', 'that', 'hamas', 'is', 'not', 'interested', 'in', 'anything', 'less', 'than', 'wiping', 'israel', 'off', 'the', 'map', ',', 'would', ""n't"", 'it', '?']"
120,yes exactly why can't everyone have the same music taste as me so i don't have to feel superior when i hear someone listening to le (c)rap?,25,"['yes', 'exactly', 'why', 'ca', ""n't"", 'everyone', 'have', 'the', 'same', 'music', 'taste', 'as', 'me', 'so', 'i', 'do', ""n't"", 'have', 'to', 'feel', 'superior', 'when', 'i', 'hear', 'someone', 'listening', 'to', 'le', '(', 'c', ')', 'rap', '?']"
191,tell me that isn't a little tempting when she's railing on you for the 3rd time this week to pick up your clothes and put the seat down.,16,"['tell', 'me', 'that', 'is', ""n't"", 'a', 'little', 'tempting', 'when', 'she', ""'s"", 'railing', 'on', 'you', 'for', 'the', '3rd', 'time', 'this', 'week', 'to', 'pick', 'up', 'your', 'clothes', 'and', 'put', 'the', 'seat', 'down', '.']"
5,in addition: because everybody (even the government) drinks alcohol it isn't a problem with that as they know how it works and can still make accurate predictions,19,"['in', 'addition', ':', 'because', 'everybody', '(', 'even', 'the', 'government', ')', 'drinks', 'alcohol', 'it', 'is', ""n't"", 'a', 'problem', 'with', 'that', 'as', 'they', 'know', 'how', 'it', 'works', 'and', 'can', 'still', 'make', 'accurate', 'predictions']"
106,"wow, how dare a woman's nails not be perfectly manicured after she spends a day at the park and then digs a diamond out of the ground?",17,"['wow', ',', 'how', 'dare', 'a', 'woman', ""'s"", 'nails', 'not', 'be', 'perfectly', 'manicured', 'after', 'she', 'spends', 'a', 'day', 'at', 'the', 'park', 'and', 'then', 'digs', 'a', 'diamond', 'out', 'of', 'the', 'ground', '?']"
200,"yeah because a gay rights rally has people running around having sex all the time, because people being gay is only about sexual acts, and not civil rights.",26,"['yeah', 'because', 'a', 'gay', 'rights', 'rally', 'has', 'people', 'running', 'around', 'having', 'sex', 'all', 'the', 'time', ',', 'because', 'people', 'being', 'gay', 'is', 'only', 'about', 'sexual', 'acts', ',', 'and', 'not', 'civil', 'rights', '.']"
250,"yea, hell why even teach history in schools no one needs that old history lesson to see how we have gotten to where we are today",20,"['yea', ',', 'hell', 'why', 'even', 'teach', 'history', 'in', 'schools', 'no', 'one', 'needs', 'that', 'old', 'history', 'lesson', 'to', 'see', 'how', 'we', 'have', 'gotten', 'to', 'where', 'we', 'are', 'today']"
63,"yeah, fuck being able to buy the characters i want for msrp without having to stand in line at 5am or wear out my f5 key",17,"['yeah', ',', 'fuck', 'being', 'able', 'to', 'buy', 'the', 'characters', 'i', 'want', 'for', 'msrp', 'without', 'having', 'to', 'stand', 'in', 'line', 'at', '5am', 'or', 'wear', 'out', 'my', 'f5', 'key']"
177,"but don't you know that calling other side ""the enemy you are most proud off"" is the best way to get something done in bipartisan way?",21,"['but', 'do', ""n't"", 'you', 'know', 'that', 'calling', 'other', 'side', '``', 'the', 'enemy', 'you', 'are', 'most', 'proud', 'off', ""''"", 'is', 'the', 'best', 'way', 'to', 'get', 'something', 'done', 'in', 'bipartisan', 'way', '?']"
251,i'm sure that 1-2 degree difference in 50 years will be the death of us all and humanity wont be able to use technology to cope,16,"['i', ""'m"", 'sure', 'that', '1-2', 'degree', 'difference', 'in', '50', 'years', 'will', 'be', 'the', 'death', 'of', 'us', 'all', 'and', 'humanity', 'wont', 'be', 'able', 'to', 'use', 'technology', 'to', 'cope']"
73,"yes, lets leave it to the walton family to determine that their kids deserve $42 billion each, but ""some people"" (a.k.a their employees) don't deserve a living wage.",26,"['yes', ',', 'lets', 'leave', 'it', 'to', 'the', 'walton', 'family', 'to', 'determine', 'that', 'their', 'kids', 'deserve', '$', '42', 'billion', 'each', ',', 'but', '``', 'some', 'people', ""''"", '(', 'a.k.a', 'their', 'employees', ')', 'do', ""n't"", 'deserve', 'a', 'living', 'wage', '.']"
81,"everyone pads their resumes a little... adding that you were in charge of a company for three extra years helps fill in those gaps in employment, right?",19,"['everyone', 'pads', 'their', 'resumes', 'a', 'little', '...', 'adding', 'that', 'you', 'were', 'in', 'charge', 'of', 'a', 'company', 'for', 'three', 'extra', 'years', 'helps', 'fill', 'in', 'those', 'gaps', 'in', 'employment', ',', 'right', '?']"
153,"cheering is the uttering or making of sounds encouraging, stimulating or exciting to action, indicating approval or acclaiming or welcoming persons, announcements of events and the like.",22,"['cheering', 'is', 'the', 'uttering', 'or', 'making', 'of', 'sounds', 'encouraging', ',', 'stimulating', 'or', 'exciting', 'to', 'action', ',', 'indicating', 'approval', 'or', 'acclaiming', 'or', 'welcoming', 'persons', ',', 'announcements', 'of', 'events', 'and', 'the', 'like', '.']"
139,"and, god forbid, if you get in a car accident, your car will be covered while your internal injuries can wait until you decide to get health insurance...",21,"['and', ',', 'god', 'forbid', ',', 'if', 'you', 'get', 'in', 'a', 'car', 'accident', ',', 'your', 'car', 'will', 'be', 'covered', 'while', 'your', 'internal', 'injuries', 'can', 'wait', 'until', 'you', 'decide', 'to', 'get', 'health', 'insurance', '...']"
230,this is the perfect way to end any series and i think it's just going to go down in history as the best for a very long time.,17,"['this', 'is', 'the', 'perfect', 'way', 'to', 'end', 'any', 'series', 'and', 'i', 'think', 'it', ""'s"", 'just', 'going', 'to', 'go', 'down', 'in', 'history', 'as', 'the', 'best', 'for', 'a', 'very', 'long', 'time', '.']"
49,"i was really hoping they would shoot for a pg-13 rating and combine this franchise with the expendables ala ""vs"" and really go for that important teen demographic.",18,"['i', 'was', 'really', 'hoping', 'they', 'would', 'shoot', 'for', 'a', 'pg-13', 'rating', 'and', 'combine', 'this', 'franchise', 'with', 'the', 'expendables', 'ala', '``', 'vs', ""''"", 'and', 'really', 'go', 'for', 'that', 'important', 'teen', 'demographic', '.']"
12,but i thought everyone on reddit knew this game was going to be the biggest game ever and niantic was stupid for not allocating enough servers.,20,"['but', 'i', 'thought', 'everyone', 'on', 'reddit', 'knew', 'this', 'game', 'was', 'going', 'to', 'be', 'the', 'biggest', 'game', 'ever', 'and', 'niantic', 'was', 'stupid', 'for', 'not', 'allocating', 'enough', 'servers', '.']"
167,"well, we make every heterosexual person getting married get tested to prove they are fertile, so it's reasonable to ban gay marriage because they can't be fertile.",22,"['well', ',', 'we', 'make', 'every', 'heterosexual', 'person', 'getting', 'married', 'get', 'tested', 'to', 'prove', 'they', 'are', 'fertile', ',', 'so', 'it', ""'s"", 'reasonable', 'to', 'ban', 'gay', 'marriage', 'because', 'they', 'ca', ""n't"", 'be', 'fertile', '.']"
207,"since plastic surgery is clearly addictive and dangerous, shouldn't we ban it and jail anyone who has anything to do with it for the safety of the children?",17,"['since', 'plastic', 'surgery', 'is', 'clearly', 'addictive', 'and', 'dangerous', ',', 'should', ""n't"", 'we', 'ban', 'it', 'and', 'jail', 'anyone', 'who', 'has', 'anything', 'to', 'do', 'with', 'it', 'for', 'the', 'safety', 'of', 'the', 'children', '?']"
135,"just like every other time that arms get parachuted or otherwise fall into the hands of whoever, i'm totally sure that this time is an accident as well.",21,"['just', 'like', 'every', 'other', 'time', 'that', 'arms', 'get', 'parachuted', 'or', 'otherwise', 'fall', 'into', 'the', 'hands', 'of', 'whoever', ',', 'i', ""'m"", 'totally', 'sure', 'that', 'this', 'time', 'is', 'an', 'accident', 'as', 'well', '.']"
182,"and we here in these here u s a know that any ""mental disorder"" can be right fixed by tell 'em to cut that sheit out!",17,"['and', 'we', 'here', 'in', 'these', 'here', 'u', 's', 'a', 'know', 'that', 'any', '``', 'mental', 'disorder', ""''"", 'can', 'be', 'right', 'fixed', 'by', 'tell', ""'em"", 'to', 'cut', 'that', 'sheit', 'out', '!']"
17,"clearly the answer is for all the people who'd be hit hardest by this is to eat healthier, tighten your belt and pull yourself up by your bootstraps",17,"['clearly', 'the', 'answer', 'is', 'for', 'all', 'the', 'people', 'who', ""'d"", 'be', 'hit', 'hardest', 'by', 'this', 'is', 'to', 'eat', 'healthier', ',', 'tighten', 'your', 'belt', 'and', 'pull', 'yourself', 'up', 'by', 'your', 'bootstraps']"
132,yeah it's totally fair to punish people because the game is so buggy that thousands of users can't connect only find it out once they start a match.,19,"['yeah', 'it', ""'s"", 'totally', 'fair', 'to', 'punish', 'people', 'because', 'the', 'game', 'is', 'so', 'buggy', 'that', 'thousands', 'of', 'users', 'ca', ""n't"", 'connect', 'only', 'find', 'it', 'out', 'once', 'they', 'start', 'a', 'match', '.']"
146,yea america never pushes other countries around it always keeps to itself and remains neutral on the global stage without trying to impose it's own agenda on anyone.,20,"['yea', 'america', 'never', 'pushes', 'other', 'countries', 'around', 'it', 'always', 'keeps', 'to', 'itself', 'and', 'remains', 'neutral', 'on', 'the', 'global', 'stage', 'without', 'trying', 'to', 'impose', 'it', ""'s"", 'own', 'agenda', 'on', 'anyone', '.']"
208,"oh thanks for defining hipster for me, it'a been such a mystery for these past few years of everybody on the internet pissing all over them and complaining.",17,"['oh', 'thanks', 'for', 'defining', 'hipster', 'for', 'me', ',', 'it', ""'"", 'a', 'been', 'such', 'a', 'mystery', 'for', 'these', 'past', 'few', 'years', 'of', 'everybody', 'on', 'the', 'internet', 'pissing', 'all', 'over', 'them', 'and', 'complaining', '.']"
92,"i think he should buy all the ones up on the market and put them up for 10 mil , to create fear in the market.",14,"['i', 'think', 'he', 'should', 'buy', 'all', 'the', 'ones', 'up', 'on', 'the', 'market', 'and', 'put', 'them', 'up', 'for', '10', 'mil', ',', 'to', 'create', 'fear', 'in', 'the', 'market', '.']"
50,"or it could be a cop in a college town with a napolean complex and poor judgement, but i bet the police state is way more likely.",18,"['or', 'it', 'could', 'be', 'a', 'cop', 'in', 'a', 'college', 'town', 'with', 'a', 'napolean', 'complex', 'and', 'poor', 'judgement', ',', 'but', 'i', 'bet', 'the', 'police', 'state', 'is', 'way', 'more', 'likely', '.']"
77,"i admire your effort, it's no easy task to achieve that level of brainwashing, pulling a man away from truly beautiful huge bodies resembling solidified sexy magma flows.",25,"['i', 'admire', 'your', 'effort', ',', 'it', ""'s"", 'no', 'easy', 'task', 'to', 'achieve', 'that', 'level', 'of', 'brainwashing', ',', 'pulling', 'a', 'man', 'away', 'from', 'truly', 'beautiful', 'huge', 'bodies', 'resembling', 'solidified', 'sexy', 'magma', 'flows', '.']"
79,"yeah i'm sure this will happen, just like people kicked me from groups for not having blackwyrm gems or not having valentine gem on all my characters.",21,"['yeah', 'i', ""'m"", 'sure', 'this', 'will', 'happen', ',', 'just', 'like', 'people', 'kicked', 'me', 'from', 'groups', 'for', 'not', 'having', 'blackwyrm', 'gems', 'or', 'not', 'having', 'valentine', 'gem', 'on', 'all', 'my', 'characters', '.']"
146,"absolutely not, and make sure you visit this sub before you make any big decision so that you don't mess up like you almost did this time.",15,"['absolutely', 'not', ',', 'and', 'make', 'sure', 'you', 'visit', 'this', 'sub', 'before', 'you', 'make', 'any', 'big', 'decision', 'so', 'that', 'you', 'do', ""n't"", 'mess', 'up', 'like', 'you', 'almost', 'did', 'this', 'time', '.']"
197,"dude, if you aren't going to lap their ass and claim every match as a potential moty, i just don't think there's room for you in this sub.",22,"['dude', ',', 'if', 'you', 'are', ""n't"", 'going', 'to', 'lap', 'their', 'ass', 'and', 'claim', 'every', 'match', 'as', 'a', 'potential', 'moty', ',', 'i', 'just', 'do', ""n't"", 'think', 'there', ""'s"", 'room', 'for', 'you', 'in', 'this', 'sub', '.']"
62,but the clg rookies have peaked and tsm are the better team and clg got lucky and can only play split push and are completely one dimensional.,20,"['but', 'the', 'clg', 'rookies', 'have', 'peaked', 'and', 'tsm', 'are', 'the', 'better', 'team', 'and', 'clg', 'got', 'lucky', 'and', 'can', 'only', 'play', 'split', 'push', 'and', 'are', 'completely', 'one', 'dimensional', '.']"
177,super easy(ier): (optional) 1 serving breyers carbsmart vanilla ice cream (optional) 1 can canfield's diet chocolate fudge soda (optional) small splash of heavy cream shot of bourbon,35,"['super', 'easy', '(', 'ier', ')', ':', '(', 'optional', ')', '1', 'serving', 'breyers', 'carbsmart', 'vanilla', 'ice', 'cream', '(', 'optional', ')', '1', 'can', 'canfield', ""'s"", 'diet', 'chocolate', 'fudge', 'soda', '(', 'optional', ')', 'small', 'splash', 'of', 'heavy', 'cream', 'shot', 'of', 'bourbon']"
181,"^ don't listen too him, scarfing down a what-a-burger chop house burger and washing it down with a six pack of shiner is more fulfilling then working out!",20,"['^', 'do', ""n't"", 'listen', 'too', 'him', ',', 'scarfing', 'down', 'a', 'what-a-burger', 'chop', 'house', 'burger', 'and', 'washing', 'it', 'down', 'with', 'a', 'six', 'pack', 'of', 'shiner', 'is', 'more', 'fulfilling', 'then', 'working', 'out', '!']"
143,if you buy anything in america you are complicit in running a chinese sweatshop and the blood of all workers there who have committed suicide is on your hands!,19,"['if', 'you', 'buy', 'anything', 'in', 'america', 'you', 'are', 'complicit', 'in', 'running', 'a', 'chinese', 'sweatshop', 'and', 'the', 'blood', 'of', 'all', 'workers', 'there', 'who', 'have', 'committed', 'suicide', 'is', 'on', 'your', 'hands', '!']"
184,you need to draw cats like kids do: 4 feet and all of them are on the same side cause otherwise it'd look like it had 2 feet.,17,"['you', 'need', 'to', 'draw', 'cats', 'like', 'kids', 'do', ':', '4', 'feet', 'and', 'all', 'of', 'them', 'are', 'on', 'the', 'same', 'side', 'cause', 'otherwise', 'it', ""'d"", 'look', 'like', 'it', 'had', '2', 'feet', '.']"
161,people are so stupid they can't be trusted to vote right they're all just sheep democracy doesn't work because i'm smarter than everyone i know better,22,"['people', 'are', 'so', 'stupid', 'they', 'ca', ""n't"", 'be', 'trusted', 'to', 'vote', 'right', 'they', ""'re"", 'all', 'just', 'sheep', 'democracy', 'does', ""n't"", 'work', 'because', 'i', ""'m"", 'smarter', 'than', 'everyone', 'i', 'know', 'better']"
185,well don't you know that everyone who is anti-israel or even not 100% pro-israel is automatically a clear as day raging anti-semite and a holocaust denier.,22,"['well', 'do', ""n't"", 'you', 'know', 'that', 'everyone', 'who', 'is', 'anti-israel', 'or', 'even', 'not', '100', '%', 'pro-israel', 'is', 'automatically', 'a', 'clear', 'as', 'day', 'raging', 'anti-semite', 'and', 'a', 'holocaust', 'denier', '.']"
124,don't you know that cause he's a socialist that made it big he has to change his ideology and we can't listen to his music either?,18,"['do', ""n't"", 'you', 'know', 'that', 'cause', 'he', ""'s"", 'a', 'socialist', 'that', 'made', 'it', 'big', 'he', 'has', 'to', 'change', 'his', 'ideology', 'and', 'we', 'ca', ""n't"", 'listen', 'to', 'his', 'music', 'either', '?']"
113,"yes, because knowing the races of the finalists of the 10 most recent premier tournaments is the only knowledge you need in order to make balance decisions.",19,"['yes', ',', 'because', 'knowing', 'the', 'races', 'of', 'the', 'finalists', 'of', 'the', '10', 'most', 'recent', 'premier', 'tournaments', 'is', 'the', 'only', 'knowledge', 'you', 'need', 'in', 'order', 'to', 'make', 'balance', 'decisions', '.']"
115,you gotta make sure to get at least 4 guys bunch up in the radius of a mortar and agro it to other teammates who aren't in it.,18,"['you', 'got', 'ta', 'make', 'sure', 'to', 'get', 'at', 'least', '4', 'guys', 'bunch', 'up', 'in', 'the', 'radius', 'of', 'a', 'mortar', 'and', 'agro', 'it', 'to', 'other', 'teammates', 'who', 'are', ""n't"", 'in', 'it', '.']"
97,"yeah thanks to our white christian superiority, the ussr was able to break up with no lasting social problems plaguing its former members, unlike those barbaric muslims.",23,"['yeah', 'thanks', 'to', 'our', 'white', 'christian', 'superiority', ',', 'the', 'ussr', 'was', 'able', 'to', 'break', 'up', 'with', 'no', 'lasting', 'social', 'problems', 'plaguing', 'its', 'former', 'members', ',', 'unlike', 'those', 'barbaric', 'muslims', '.']"
105,"something you watch for enjoyment v something that has to be scrutinised for fractures or other abnormalities, can't see why one uses so much more data",22,"['something', 'you', 'watch', 'for', 'enjoyment', 'v', 'something', 'that', 'has', 'to', 'be', 'scrutinised', 'for', 'fractures', 'or', 'other', 'abnormalities', ',', 'ca', ""n't"", 'see', 'why', 'one', 'uses', 'so', 'much', 'more', 'data']"
149,"hey stop being racist about people who like that book, hating people who like a certain book and do one yoga exercise out of it everyday is racist",19,"['hey', 'stop', 'being', 'racist', 'about', 'people', 'who', 'like', 'that', 'book', ',', 'hating', 'people', 'who', 'like', 'a', 'certain', 'book', 'and', 'do', 'one', 'yoga', 'exercise', 'out', 'of', 'it', 'everyday', 'is', 'racist']"
161,"i'm just saying, i don't care if dragons come out of my arrow if it travels so slowly some dude has the time to spawn his own dragon.",23,"['i', ""'m"", 'just', 'saying', ',', 'i', 'do', ""n't"", 'care', 'if', 'dragons', 'come', 'out', 'of', 'my', 'arrow', 'if', 'it', 'travels', 'so', 'slowly', 'some', 'dude', 'has', 'the', 'time', 'to', 'spawn', 'his', 'own', 'dragon', '.']"
16,"you're so right; when i think of call of duty, i definitely think of it as being on par with five nights at freddys and organ trail.",21,"['you', ""'re"", 'so', 'right', ';', 'when', 'i', 'think', 'of', 'call', 'of', 'duty', ',', 'i', 'definitely', 'think', 'of', 'it', 'as', 'being', 'on', 'par', 'with', 'five', 'nights', 'at', 'freddys', 'and', 'organ', 'trail', '.']"
131,"god forbid they would listen to a song with a name like ""teenagers"" why would that even remotely interest them even on a sarcastic and satirical level?",19,"['god', 'forbid', 'they', 'would', 'listen', 'to', 'a', 'song', 'with', 'a', 'name', 'like', '``', 'teenagers', ""''"", 'why', 'would', 'that', 'even', 'remotely', 'interest', 'them', 'even', 'on', 'a', 'sarcastic', 'and', 'satirical', 'level', '?']"
168,guess that explains why when i log on every zone in the game is a ghost town and the main campaign is always empty in prime time,19,"['guess', 'that', 'explains', 'why', 'when', 'i', 'log', 'on', 'every', 'zone', 'in', 'the', 'game', 'is', 'a', 'ghost', 'town', 'and', 'the', 'main', 'campaign', 'is', 'always', 'empty', 'in', 'prime', 'time']"
49,the lord will come down and defeat these socialist commies with an ar-15 in hand with an army of aborted fetuses behind him all with their own 1911s.,14,"['the', 'lord', 'will', 'come', 'down', 'and', 'defeat', 'these', 'socialist', 'commies', 'with', 'an', 'ar-15', 'in', 'hand', 'with', 'an', 'army', 'of', 'aborted', 'fetuses', 'behind', 'him', 'all', 'with', 'their', 'own', '1911s', '.']"
211,"i agree, and that's why i think mass effect 3 is just as good as the first 2 and dead space 3 coop was the best idea ever.",25,"['i', 'agree', ',', 'and', 'that', ""'s"", 'why', 'i', 'think', 'mass', 'effect', '3', 'is', 'just', 'as', 'good', 'as', 'the', 'first', '2', 'and', 'dead', 'space', '3', 'coop', 'was', 'the', 'best', 'idea', 'ever', '.']"
101,"if i only have wi-fi, can i file a complaint with the united nations to get mobile data so i can play as a human right?",18,"['if', 'i', 'only', 'have', 'wi-fi', ',', 'can', 'i', 'file', 'a', 'complaint', 'with', 'the', 'united', 'nations', 'to', 'get', 'mobile', 'data', 'so', 'i', 'can', 'play', 'as', 'a', 'human', 'right', '?']"
34,"well, since top lane is exactly the same it was in s3, i guess we better not ask really good top laners for advise when we get the chance!",23,"['well', ',', 'since', 'top', 'lane', 'is', 'exactly', 'the', 'same', 'it', 'was', 'in', 's3', ',', 'i', 'guess', 'we', 'better', 'not', 'ask', 'really', 'good', 'top', 'laners', 'for', 'advise', 'when', 'we', 'get', 'the', 'chance', '!']"
236,but my tattoo is on my right ribs and when i look in the mirror it's still on my mirror's right ribs from my point of view.,21,"['but', 'my', 'tattoo', 'is', 'on', 'my', 'right', 'ribs', 'and', 'when', 'i', 'look', 'in', 'the', 'mirror', 'it', ""'s"", 'still', 'on', 'my', 'mirror', ""'s"", 'right', 'ribs', 'from', 'my', 'point', 'of', 'view', '.']"
108,"well, when you think obama founded isis and isn't even fighting them, it's easy to get scared and need scorched-earth boots-on-the-ground type war to feel safer.",24,"['well', ',', 'when', 'you', 'think', 'obama', 'founded', 'isis', 'and', 'is', ""n't"", 'even', 'fighting', 'them', ',', 'it', ""'s"", 'easy', 'to', 'get', 'scared', 'and', 'need', 'scorched-earth', 'boots-on-the-ground', 'type', 'war', 'to', 'feel', 'safer', '.']"
34,"it's crazy, it's almost like 50 packs is too small a sample size to judge when the odds of pulling one specific card is sub 1%!",24,"['it', ""'s"", 'crazy', ',', 'it', ""'s"", 'almost', 'like', '50', 'packs', 'is', 'too', 'small', 'a', 'sample', 'size', 'to', 'judge', 'when', 'the', 'odds', 'of', 'pulling', 'one', 'specific', 'card', 'is', 'sub', '1', '%', '!']"
47,"hold on, be right back as i convert an old dell dimension 4300 case to hold brand new hardware so i can get delicious karma points too.",22,"['hold', 'on', ',', 'be', 'right', 'back', 'as', 'i', 'convert', 'an', 'old', 'dell', 'dimension', '4300', 'case', 'to', 'hold', 'brand', 'new', 'hardware', 'so', 'i', 'can', 'get', 'delicious', 'karma', 'points', 'too', '.']"
176,"what happens in the future when craft beer is popular and mainstream; will we have to go to coors and budweiser to find an edgy, rare, underground brand?",23,"['what', 'happens', 'in', 'the', 'future', 'when', 'craft', 'beer', 'is', 'popular', 'and', 'mainstream', ';', 'will', 'we', 'have', 'to', 'go', 'to', 'coors', 'and', 'budweiser', 'to', 'find', 'an', 'edgy', ',', 'rare', ',', 'underground', 'brand', '?']"
53,"wow, i sure hope they feel guilty for having minimum wage jobs, i'm sure the liberals would rather import some tfw's to fill those positions instead.",24,"['wow', ',', 'i', 'sure', 'hope', 'they', 'feel', 'guilty', 'for', 'having', 'minimum', 'wage', 'jobs', ',', 'i', ""'m"", 'sure', 'the', 'liberals', 'would', 'rather', 'import', 'some', 'tfw', ""'s"", 'to', 'fill', 'those', 'positions', 'instead', '.']"
49,so they would compromise the quality of their own product in another place to deal with the bad quality in another location... op is a fucking genius,15,"['so', 'they', 'would', 'compromise', 'the', 'quality', 'of', 'their', 'own', 'product', 'in', 'another', 'place', 'to', 'deal', 'with', 'the', 'bad', 'quality', 'in', 'another', 'location', '...', 'op', 'is', 'a', 'fucking', 'genius']"
26,"you're right, there's something wrong with every galaxy nexus ever made, as can be seen by every gnex owner on this entire subreddit and in the entire world.",21,"['you', ""'re"", 'right', ',', 'there', ""'s"", 'something', 'wrong', 'with', 'every', 'galaxy', 'nexus', 'ever', 'made', ',', 'as', 'can', 'be', 'seen', 'by', 'every', 'gnex', 'owner', 'on', 'this', 'entire', 'subreddit', 'and', 'in', 'the', 'entire', 'world', '.']"
222,"yeah instead of doa going off topic in a lul, i really prefer riv reading the score board or telling us how someone picks up a buff.",20,"['yeah', 'instead', 'of', 'doa', 'going', 'off', 'topic', 'in', 'a', 'lul', ',', 'i', 'really', 'prefer', 'riv', 'reading', 'the', 'score', 'board', 'or', 'telling', 'us', 'how', 'someone', 'picks', 'up', 'a', 'buff', '.']"
189,3 hours + 30 mins +20 mins + x eons for sermon =/= 2 hours its jesus he can stop time yay praise him also fuck pigeons,23,"['3', 'hours', '+', '30', 'mins', '+20', 'mins', '+', 'x', 'eons', 'for', 'sermon', '=/=', '2', 'hours', 'its', 'jesus', 'he', 'can', 'stop', 'time', 'yay', 'praise', 'him', 'also', 'fuck', 'pigeons']"
107,one time my friend fucking murdered a baby and he had do much fun and it was a crazy awesome time but it was my friend and not me,18,"['one', 'time', 'my', 'friend', 'fucking', 'murdered', 'a', 'baby', 'and', 'he', 'had', 'do', 'much', 'fun', 'and', 'it', 'was', 'a', 'crazy', 'awesome', 'time', 'but', 'it', 'was', 'my', 'friend', 'and', 'not', 'me']"
145,"all i have to suggest, is not to pick either la or chicago, because that means you're a bandwagon fan and from what i've been told, they're the worst...",23,"['all', 'i', 'have', 'to', 'suggest', ',', 'is', 'not', 'to', 'pick', 'either', 'la', 'or', 'chicago', ',', 'because', 'that', 'means', 'you', ""'re"", 'a', 'bandwagon', 'fan', 'and', 'from', 'what', 'i', ""'ve"", 'been', 'told', ',', 'they', ""'re"", 'the', 'worst', '...']"
85,"yeah you are right, i suggest we start nuking the sun so we can start the process of it going super nova, it's all pointless anyway.",19,"['yeah', 'you', 'are', 'right', ',', 'i', 'suggest', 'we', 'start', 'nuking', 'the', 'sun', 'so', 'we', 'can', 'start', 'the', 'process', 'of', 'it', 'going', 'super', 'nova', ',', 'it', ""'s"", 'all', 'pointless', 'anyway', '.']"
136,"difference being blacks would significantly be a large voting block or union leaders of blue collar workers, while the gays are too busy being fabulous to bother voting.",23,"['difference', 'being', 'blacks', 'would', 'significantly', 'be', 'a', 'large', 'voting', 'block', 'or', 'union', 'leaders', 'of', 'blue', 'collar', 'workers', ',', 'while', 'the', 'gays', 'are', 'too', 'busy', 'being', 'fabulous', 'to', 'bother', 'voting', '.']"
226,i'm sure a lawsuit to overturn a supermajority of the public's will is going to lead to really favorable election results for all those officials down the road.,20,"['i', ""'m"", 'sure', 'a', 'lawsuit', 'to', 'overturn', 'a', 'supermajority', 'of', 'the', 'public', ""'s"", 'will', 'is', 'going', 'to', 'lead', 'to', 'really', 'favorable', 'election', 'results', 'for', 'all', 'those', 'officials', 'down', 'the', 'road', '.']"
35,but the bjp needs to put up winnable candidates to save the hindus in this country.these candidates are victims of vendetta politics.false cases have been filed against them.,18,"['but', 'the', 'bjp', 'needs', 'to', 'put', 'up', 'winnable', 'candidates', 'to', 'save', 'the', 'hindus', 'in', 'this', 'country.these', 'candidates', 'are', 'victims', 'of', 'vendetta', 'politics.false', 'cases', 'have', 'been', 'filed', 'against', 'them', '.']"
22,"op is just some white knight who always comes to the aid of the female, if you knew her you'd know how much of a whore she is.",19,"['op', 'is', 'just', 'some', 'white', 'knight', 'who', 'always', 'comes', 'to', 'the', 'aid', 'of', 'the', 'female', ',', 'if', 'you', 'knew', 'her', 'you', ""'d"", 'know', 'how', 'much', 'of', 'a', 'whore', 'she', 'is', '.']"
135,"well hopefully in a mitt romney presidency we can get rid of our last source of unbiased news (npr) or, better yet, replace them with a fox radio station.",23,"['well', 'hopefully', 'in', 'a', 'mitt', 'romney', 'presidency', 'we', 'can', 'get', 'rid', 'of', 'our', 'last', 'source', 'of', 'unbiased', 'news', '(', 'npr', ')', 'or', ',', 'better', 'yet', ',', 'replace', 'them', 'with', 'a', 'fox', 'radio', 'station', '.']"
147,"third age looks too nice, gotta tone it down a bit to keep it looking as shit as the rest of the dyed 3rd age pieces.",20,"['third', 'age', 'looks', 'too', 'nice', ',', 'got', 'ta', 'tone', 'it', 'down', 'a', 'bit', 'to', 'keep', 'it', 'looking', 'as', 'shit', 'as', 'the', 'rest', 'of', 'the', 'dyed', '3rd', 'age', 'pieces', '.']"
171,"as i understand it, you have total human rights as a fetus, which you completely relinquish at birth and you don't get them back until you turn 18.",18,"['as', 'i', 'understand', 'it', ',', 'you', 'have', 'total', 'human', 'rights', 'as', 'a', 'fetus', ',', 'which', 'you', 'completely', 'relinquish', 'at', 'birth', 'and', 'you', 'do', ""n't"", 'get', 'them', 'back', 'until', 'you', 'turn', '18', '.']"
178,"how about you take that up with the college of engineering, then, since you obviously know so much more about the field than any of the advisors here.",16,"['how', 'about', 'you', 'take', 'that', 'up', 'with', 'the', 'college', 'of', 'engineering', ',', 'then', ',', 'since', 'you', 'obviously', 'know', 'so', 'much', 'more', 'about', 'the', 'field', 'than', 'any', 'of', 'the', 'advisors', 'here', '.']"
76,"right, because these kids want to sit out in a chance to pull of the biggest upset of their career, and waste clock in ot ....",17,"['right', ',', 'because', 'these', 'kids', 'want', 'to', 'sit', 'out', 'in', 'a', 'chance', 'to', 'pull', 'of', 'the', 'biggest', 'upset', 'of', 'their', 'career', ',', 'and', 'waste', 'clock', 'in', 'ot', '...', '.']"
232,i'm sure it has nothing to do with the fact that two of the most influential members of the committee are former coaches of big 10 teams.,19,"['i', ""'m"", 'sure', 'it', 'has', 'nothing', 'to', 'do', 'with', 'the', 'fact', 'that', 'two', 'of', 'the', 'most', 'influential', 'members', 'of', 'the', 'committee', 'are', 'former', 'coaches', 'of', 'big', '10', 'teams', '.']"
206,shit idea will make rural players get fucked even more i'm rural and i'll kill myself if this gets added or my tractor doesn't become a pokestops,21,"['shit', 'idea', 'will', 'make', 'rural', 'players', 'get', 'fucked', 'even', 'more', 'i', ""'m"", 'rural', 'and', 'i', ""'ll"", 'kill', 'myself', 'if', 'this', 'gets', 'added', 'or', 'my', 'tractor', 'does', ""n't"", 'become', 'a', 'pokestops']"
75,"so all a new religion has to do is claim its ""new holy book"" has 99 names of its god xyz and that will make it true.",22,"['so', 'all', 'a', 'new', 'religion', 'has', 'to', 'do', 'is', 'claim', 'its', '``', 'new', 'holy', 'book', ""''"", 'has', '99', 'names', 'of', 'its', 'god', 'xyz', 'and', 'that', 'will', 'make', 'it', 'true', '.']"
154,nah mate but malcolm turnbull waved his ipad around and said we don't need the nbn coz wireless something something heaps quick something something taxpayer waste carbon tax.,25,"['nah', 'mate', 'but', 'malcolm', 'turnbull', 'waved', 'his', 'ipad', 'around', 'and', 'said', 'we', 'do', ""n't"", 'need', 'the', 'nbn', 'coz', 'wireless', 'something', 'something', 'heaps', 'quick', 'something', 'something', 'taxpayer', 'waste', 'carbon', 'tax', '.']"
61,"oh yeah, the current ultra strict laws that don't affect criminals are not working so the obvious answer is to pass stricter laws that wont affect criminals.",26,"['oh', 'yeah', ',', 'the', 'current', 'ultra', 'strict', 'laws', 'that', 'do', ""n't"", 'affect', 'criminals', 'are', 'not', 'working', 'so', 'the', 'obvious', 'answer', 'is', 'to', 'pass', 'stricter', 'laws', 'that', 'wont', 'affect', 'criminals', '.']"
236,yes when i hear free open opinion the first thing i want is for it to be stifled and hidden under a rock not being heard anywhere.,21,"['yes', 'when', 'i', 'hear', 'free', 'open', 'opinion', 'the', 'first', 'thing', 'i', 'want', 'is', 'for', 'it', 'to', 'be', 'stifled', 'and', 'hidden', 'under', 'a', 'rock', 'not', 'being', 'heard', 'anywhere', '.']"
244,"reddit is a hub of people from all ages and ranges of smarts, therefore it would be wise to ask reddit before most, if not all real life decisions!",19,"['reddit', 'is', 'a', 'hub', 'of', 'people', 'from', 'all', 'ages', 'and', 'ranges', 'of', 'smarts', ',', 'therefore', 'it', 'would', 'be', 'wise', 'to', 'ask', 'reddit', 'before', 'most', ',', 'if', 'not', 'all', 'real', 'life', 'decisions', '!']"
181,"oh... right, because the clinton foundation scandal, uranium one, and her private email server are all way in the past... how could i have been so blind.",26,"['oh', '...', 'right', ',', 'because', 'the', 'clinton', 'foundation', 'scandal', ',', 'uranium', 'one', ',', 'and', 'her', 'private', 'email', 'server', 'are', 'all', 'way', 'in', 'the', 'past', '...', 'how', 'could', 'i', 'have', 'been', 'so', 'blind', '.']"
200,"yeah with 980 ti sli if you don't have a 144hz monitor you're fucked, you'll be burning through a monitor a week easy at only 100hz",18,"['yeah', 'with', '980', 'ti', 'sli', 'if', 'you', 'do', ""n't"", 'have', 'a', '144hz', 'monitor', 'you', ""'re"", 'fucked', ',', 'you', ""'ll"", 'be', 'burning', 'through', 'a', 'monitor', 'a', 'week', 'easy', 'at', 'only', '100hz']"
139,"damn dude you should publish your research and send it over to pbs and bbc, let them know that you figured out that they're all wasting their time.",13,"['damn', 'dude', 'you', 'should', 'publish', 'your', 'research', 'and', 'send', 'it', 'over', 'to', 'pbs', 'and', 'bbc', ',', 'let', 'them', 'know', 'that', 'you', 'figured', 'out', 'that', 'they', ""'re"", 'all', 'wasting', 'their', 'time', '.']"
20,"ya, i don't know i was thinking about getting a 6p but then i read about these knee jerk reactions, and now i am not sure anymore.",22,"['ya', ',', 'i', 'do', ""n't"", 'know', 'i', 'was', 'thinking', 'about', 'getting', 'a', '6p', 'but', 'then', 'i', 'read', 'about', 'these', 'knee', 'jerk', 'reactions', ',', 'and', 'now', 'i', 'am', 'not', 'sure', 'anymore', '.']"
155,"you can't possible expect refugees from muslim nations to be held to the same scrutiny as the italians, irish, germans, chinese, japanese, vietnamese, cubans, etc etc it's 2016!",30,"['you', 'ca', ""n't"", 'possible', 'expect', 'refugees', 'from', 'muslim', 'nations', 'to', 'be', 'held', 'to', 'the', 'same', 'scrutiny', 'as', 'the', 'italians', ',', 'irish', ',', 'germans', ',', 'chinese', ',', 'japanese', ',', 'vietnamese', ',', 'cubans', ',', 'etc', 'etc', 'it', ""'s"", '2016', '!']"
72,"actually i just saw him on a talk show talking about how relieved he was to get it, he can finally move on with his life",16,"['actually', 'i', 'just', 'saw', 'him', 'on', 'a', 'talk', 'show', 'talking', 'about', 'how', 'relieved', 'he', 'was', 'to', 'get', 'it', ',', 'he', 'can', 'finally', 'move', 'on', 'with', 'his', 'life']"
202,"when i look at my children, i can't wait to become a god and sacrifice one of them to try and save a few of the others.",16,"['when', 'i', 'look', 'at', 'my', 'children', ',', 'i', 'ca', ""n't"", 'wait', 'to', 'become', 'a', 'god', 'and', 'sacrifice', 'one', 'of', 'them', 'to', 'try', 'and', 'save', 'a', 'few', 'of', 'the', 'others', '.']"
18,"or you don't mention it, then if you lose say ""how about a best 2 out of 3"" and keep adding to it until you win",14,"['or', 'you', 'do', ""n't"", 'mention', 'it', ',', 'then', 'if', 'you', 'lose', 'say', '``', 'how', 'about', 'a', 'best', '2', 'out', 'of', '3', ""''"", 'and', 'keep', 'adding', 'to', 'it', 'until', 'you', 'win']"
177,isn't that the whole point of canada aside from the healthcare and me helping you build a wall to keep my trump-supporting aunt from ruining it?,16,"['is', ""n't"", 'that', 'the', 'whole', 'point', 'of', 'canada', 'aside', 'from', 'the', 'healthcare', 'and', 'me', 'helping', 'you', 'build', 'a', 'wall', 'to', 'keep', 'my', 'trump-supporting', 'aunt', 'from', 'ruining', 'it', '?']"
48,"impulsive bitcoin hodlers should spend their bitcoins to 1bitcoineateraddressdontsendf59kue as it will take quite a long time to recover the private keys for spending, thus saving you from yourself.",20,"['impulsive', 'bitcoin', 'hodlers', 'should', 'spend', 'their', 'bitcoins', 'to', '1bitcoineateraddressdontsendf59kue', 'as', 'it', 'will', 'take', 'quite', 'a', 'long', 'time', 'to', 'recover', 'the', 'private', 'keys', 'for', 'spending', ',', 'thus', 'saving', 'you', 'from', 'yourself', '.']"
104,"you're the same guy advertising that gaming paradise thing that just fell through, for a reason i can't put my finger on i don't want to trust you....",23,"['you', ""'re"", 'the', 'same', 'guy', 'advertising', 'that', 'gaming', 'paradise', 'thing', 'that', 'just', 'fell', 'through', ',', 'for', 'a', 'reason', 'i', 'ca', ""n't"", 'put', 'my', 'finger', 'on', 'i', 'do', ""n't"", 'want', 'to', 'trust', 'you', '...', '.']"
158,"and since every release of office for mac has been both right on time compared to its counterparts, and exceptionally functional and a dramatic improvement, it'll be great!",20,"['and', 'since', 'every', 'release', 'of', 'office', 'for', 'mac', 'has', 'been', 'both', 'right', 'on', 'time', 'compared', 'to', 'its', 'counterparts', ',', 'and', 'exceptionally', 'functional', 'and', 'a', 'dramatic', 'improvement', ',', 'it', ""'ll"", 'be', 'great', '!']"
190,"well, if sending it to support is a no go, post it here, we can brigade them and spam afk thumbs down every match they have",15,"['well', ',', 'if', 'sending', 'it', 'to', 'support', 'is', 'a', 'no', 'go', ',', 'post', 'it', 'here', ',', 'we', 'can', 'brigade', 'them', 'and', 'spam', 'afk', 'thumbs', 'down', 'every', 'match', 'they', 'have']"
133,"don't worry comrades, the us president will personally come and invite us all on a fully paid trip to the usa once he realizes how serious we are.",18,"['do', ""n't"", 'worry', 'comrades', ',', 'the', 'us', 'president', 'will', 'personally', 'come', 'and', 'invite', 'us', 'all', 'on', 'a', 'fully', 'paid', 'trip', 'to', 'the', 'usa', 'once', 'he', 'realizes', 'how', 'serious', 'we', 'are', '.']"
203,"well alright, but only if you pander to the white man-children of reddit by confirming their ""known truths"" of racial issues and absolving them of any complicity in racism.",21,"['well', 'alright', ',', 'but', 'only', 'if', 'you', 'pander', 'to', 'the', 'white', 'man-children', 'of', 'reddit', 'by', 'confirming', 'their', '``', 'known', 'truths', ""''"", 'of', 'racial', 'issues', 'and', 'absolving', 'them', 'of', 'any', 'complicity', 'in', 'racism', '.']"
235,"wow, big brother must hire quite the team of writers to script 24-hour live feeds for three months (usually with different cameras going in two different rooms).",24,"['wow', ',', 'big', 'brother', 'must', 'hire', 'quite', 'the', 'team', 'of', 'writers', 'to', 'script', '24-hour', 'live', 'feeds', 'for', 'three', 'months', '(', 'usually', 'with', 'different', 'cameras', 'going', 'in', 'two', 'different', 'rooms', ')', '.']"
224,this is another set of 'unfortunate mistakes' that she is learning from... this helps make her the best candidate ever since she is learning soo much..,17,"['this', 'is', 'another', 'set', 'of', ""'unfortunate"", 'mistakes', ""'"", 'that', 'she', 'is', 'learning', 'from', '...', 'this', 'helps', 'make', 'her', 'the', 'best', 'candidate', 'ever', 'since', 'she', 'is', 'learning', 'soo', 'much..']"
182,"yeah, no value town, no deck wars (or maybe by different team), no shows from other games - but at least people got their wish and sapped chanman",24,"['yeah', ',', 'no', 'value', 'town', ',', 'no', 'deck', 'wars', '(', 'or', 'maybe', 'by', 'different', 'team', ')', ',', 'no', 'shows', 'from', 'other', 'games', '-', 'but', 'at', 'least', 'people', 'got', 'their', 'wish', 'and', 'sapped', 'chanman']"
87,"the best part is, regi was the guy that dl needed, a strong man that can hold him down and make him happy at the same time",18,"['the', 'best', 'part', 'is', ',', 'regi', 'was', 'the', 'guy', 'that', 'dl', 'needed', ',', 'a', 'strong', 'man', 'that', 'can', 'hold', 'him', 'down', 'and', 'make', 'him', 'happy', 'at', 'the', 'same', 'time']"
90,"but there is one guy that works at nasa that refutes climate change and another science guy someone told me about, so check mate chicken littles!",21,"['but', 'there', 'is', 'one', 'guy', 'that', 'works', 'at', 'nasa', 'that', 'refutes', 'climate', 'change', 'and', 'another', 'science', 'guy', 'someone', 'told', 'me', 'about', ',', 'so', 'check', 'mate', 'chicken', 'littles', '!']"
169,so it seems we just need to stop showing women being pleasured...that is much worse for teens to see than the horrific violence thats allowed...yeah that makes sense.,23,"['so', 'it', 'seems', 'we', 'just', 'need', 'to', 'stop', 'showing', 'women', 'being', 'pleasured', '...', 'that', 'is', 'much', 'worse', 'for', 'teens', 'to', 'see', 'than', 'the', 'horrific', 'violence', 'thats', 'allowed', '...', 'yeah', 'that', 'makes', 'sense', '.']"
96,"adding a actual roof asset tile to the game is content, you won't be seeing this in a producers update, these updates are for things being produced!",22,"['adding', 'a', 'actual', 'roof', 'asset', 'tile', 'to', 'the', 'game', 'is', 'content', ',', 'you', 'wo', ""n't"", 'be', 'seeing', 'this', 'in', 'a', 'producers', 'update', ',', 'these', 'updates', 'are', 'for', 'things', 'being', 'produced', '!']"
201,besides having lovely breasts and beautiful tan skin and being thin and fit and having a beautiful face what's is this girl really bringing to the table?,21,"['besides', 'having', 'lovely', 'breasts', 'and', 'beautiful', 'tan', 'skin', 'and', 'being', 'thin', 'and', 'fit', 'and', 'having', 'a', 'beautiful', 'face', 'what', ""'s"", 'is', 'this', 'girl', 'really', 'bringing', 'to', 'the', 'table', '?']"
202,"yeah, having the bottom half of the audio spectrum isn't a necessity, you're only losing a big chunk of your music since your speakers can't reproduce those frequencies.",24,"['yeah', ',', 'having', 'the', 'bottom', 'half', 'of', 'the', 'audio', 'spectrum', 'is', ""n't"", 'a', 'necessity', ',', 'you', ""'re"", 'only', 'losing', 'a', 'big', 'chunk', 'of', 'your', 'music', 'since', 'your', 'speakers', 'ca', ""n't"", 'reproduce', 'those', 'frequencies', '.']"
79,the average redditor probably wouldn't date me because i'm a woman over 24 and we all know that's when women become living roombas with no sex appeal,19,"['the', 'average', 'redditor', 'probably', 'would', ""n't"", 'date', 'me', 'because', 'i', ""'m"", 'a', 'woman', 'over', '24', 'and', 'we', 'all', 'know', 'that', ""'s"", 'when', 'women', 'become', 'living', 'roombas', 'with', 'no', 'sex', 'appeal']"
191,"cause if i were going to pick one candidate to shoot harambe and one to protect him, this is exactly the way i would see it playing out.",19,"['cause', 'if', 'i', 'were', 'going', 'to', 'pick', 'one', 'candidate', 'to', 'shoot', 'harambe', 'and', 'one', 'to', 'protect', 'him', ',', 'this', 'is', 'exactly', 'the', 'way', 'i', 'would', 'see', 'it', 'playing', 'out', '.']"
221,"you must be soe kinda woman hating misogynistic cis gendered white man for not voting her her, she has a vagina and that's all that matters.",20,"['you', 'must', 'be', 'soe', 'kinda', 'woman', 'hating', 'misogynistic', 'cis', 'gendered', 'white', 'man', 'for', 'not', 'voting', 'her', 'her', ',', 'she', 'has', 'a', 'vagina', 'and', 'that', ""'s"", 'all', 'that', 'matters', '.']"
61,"yea like when i prayed that i wouldnt get raped then walked in a shady neighborhood but then after someone raped me, they didn""t rape me again!",22,"['yea', 'like', 'when', 'i', 'prayed', 'that', 'i', 'wouldnt', 'get', 'raped', 'then', 'walked', 'in', 'a', 'shady', 'neighborhood', 'but', 'then', 'after', 'someone', 'raped', 'me', ',', 'they', 'didn', ""''"", 't', 'rape', 'me', 'again', '!']"
118,no it's fall 2017 : xbox one and ps4 late 2017 : wii u version mid-2018 : xbox scorpio special version late 2018 : pc version,23,"['no', 'it', ""'s"", 'fall', '2017', ':', 'xbox', 'one', 'and', 'ps4', 'late', '2017', ':', 'wii', 'u', 'version', 'mid-2018', ':', 'xbox', 'scorpio', 'special', 'version', 'late', '2018', ':', 'pc', 'version']"
187,i too can't imagine why people interested in a social experiment tv show could *possibly* be interested in discussing the social dynamics and issues that are raised,20,"['i', 'too', 'ca', ""n't"", 'imagine', 'why', 'people', 'interested', 'in', 'a', 'social', 'experiment', 'tv', 'show', 'could', '*possibly*', 'be', 'interested', 'in', 'discussing', 'the', 'social', 'dynamics', 'and', 'issues', 'that', 'are', 'raised']"
142,because skyrim is the only instance ever when taking someone's knee out with a sharp object is a fast way to end a battle before it begins.,19,"['because', 'skyrim', 'is', 'the', 'only', 'instance', 'ever', 'when', 'taking', 'someone', ""'s"", 'knee', 'out', 'with', 'a', 'sharp', 'object', 'is', 'a', 'fast', 'way', 'to', 'end', 'a', 'battle', 'before', 'it', 'begins', '.']"
158,"because school administrators who are so stereotypically democratic it's hilarious want to eliminate all forms of competition and pass out ""everyone's a winner"" ribbons to the whole class.",24,"['because', 'school', 'administrators', 'who', 'are', 'so', 'stereotypically', 'democratic', 'it', ""'s"", 'hilarious', 'want', 'to', 'eliminate', 'all', 'forms', 'of', 'competition', 'and', 'pass', 'out', '``', 'everyone', ""'s"", 'a', 'winner', ""''"", 'ribbons', 'to', 'the', 'whole', 'class', '.']"
90,"i think that the the police should stop responding to shootings, stabbings, and batteries and start staking out random cars to prevent catalytic converters from being stolen.",20,"['i', 'think', 'that', 'the', 'the', 'police', 'should', 'stop', 'responding', 'to', 'shootings', ',', 'stabbings', ',', 'and', 'batteries', 'and', 'start', 'staking', 'out', 'random', 'cars', 'to', 'prevent', 'catalytic', 'converters', 'from', 'being', 'stolen', '.']"
132,"yeah, i'd rather be in the poorer class, because it's better to have no money, no food, no education, no safety and no hospitals than having to pay taxes!",23,"['yeah', ',', 'i', ""'d"", 'rather', 'be', 'in', 'the', 'poorer', 'class', ',', 'because', 'it', ""'s"", 'better', 'to', 'have', 'no', 'money', ',', 'no', 'food', ',', 'no', 'education', ',', 'no', 'safety', 'and', 'no', 'hospitals', 'than', 'having', 'to', 'pay', 'taxes', '!']"
140,"too bad there isn't an easily accessible place with lots of information people can go to to find out more about their conditions, treatment options and medication risks/benefits.",23,"['too', 'bad', 'there', 'is', ""n't"", 'an', 'easily', 'accessible', 'place', 'with', 'lots', 'of', 'information', 'people', 'can', 'go', 'to', 'to', 'find', 'out', 'more', 'about', 'their', 'conditions', ',', 'treatment', 'options', 'and', 'medication', 'risks/benefits', '.']"
10,it's undemocratic that ballots can't be spammed up with dozens of people who decide to run for president last minute who don't even have a campaign organization.,21,"['it', ""'s"", 'undemocratic', 'that', 'ballots', 'ca', ""n't"", 'be', 'spammed', 'up', 'with', 'dozens', 'of', 'people', 'who', 'decide', 'to', 'run', 'for', 'president', 'last', 'minute', 'who', 'do', ""n't"", 'even', 'have', 'a', 'campaign', 'organization', '.']"
107,"no no you see, i have a cramp in my foot, so i'm just going to cut it off, problem solved, how can you not see that?",21,"['no', 'no', 'you', 'see', ',', 'i', 'have', 'a', 'cramp', 'in', 'my', 'foot', ',', 'so', 'i', ""'m"", 'just', 'going', 'to', 'cut', 'it', 'off', ',', 'problem', 'solved', ',', 'how', 'can', 'you', 'not', 'see', 'that', '?']"
227,"no, it's okay for fat people to make fun of other fat people, like how blacks can call other blacks the n word but no one else can.",22,"['no', ',', 'it', ""'s"", 'okay', 'for', 'fat', 'people', 'to', 'make', 'fun', 'of', 'other', 'fat', 'people', ',', 'like', 'how', 'blacks', 'can', 'call', 'other', 'blacks', 'the', 'n', 'word', 'but', 'no', 'one', 'else', 'can', '.']"
171,"looks like a white fat guy from the photos.. damn what have this world become to, when even white people can stab someone in bright daylight",20,"['looks', 'like', 'a', 'white', 'fat', 'guy', 'from', 'the', 'photos..', 'damn', 'what', 'have', 'this', 'world', 'become', 'to', ',', 'when', 'even', 'white', 'people', 'can', 'stab', 'someone', 'in', 'bright', 'daylight']"
166,because there is only one way of implementing a more social ownership of the means of production and thats the way it was implemented in your country.,18,"['because', 'there', 'is', 'only', 'one', 'way', 'of', 'implementing', 'a', 'more', 'social', 'ownership', 'of', 'the', 'means', 'of', 'production', 'and', 'thats', 'the', 'way', 'it', 'was', 'implemented', 'in', 'your', 'country', '.']"
34,"so, it is quite obvious that we need a penile-transfer-union, because the harmonisation with the freedom of movement is clearly not working and is a failed policy.",19,"['so', ',', 'it', 'is', 'quite', 'obvious', 'that', 'we', 'need', 'a', 'penile-transfer-union', ',', 'because', 'the', 'harmonisation', 'with', 'the', 'freedom', 'of', 'movement', 'is', 'clearly', 'not', 'working', 'and', 'is', 'a', 'failed', 'policy', '.']"
9,then why do liberal college professors teach that it was about slavery and how all the wrongs in the world were caused by the evils of white males?,20,"['then', 'why', 'do', 'liberal', 'college', 'professors', 'teach', 'that', 'it', 'was', 'about', 'slavery', 'and', 'how', 'all', 'the', 'wrongs', 'in', 'the', 'world', 'were', 'caused', 'by', 'the', 'evils', 'of', 'white', 'males', '?']"
128,"i don't know what you are complaining about, its not like there are any pokemon in the rural areas to throw the pokeballs at any way.",18,"['i', 'do', ""n't"", 'know', 'what', 'you', 'are', 'complaining', 'about', ',', 'its', 'not', 'like', 'there', 'are', 'any', 'pokemon', 'in', 'the', 'rural', 'areas', 'to', 'throw', 'the', 'pokeballs', 'at', 'any', 'way', '.']"
32,yeah the fairy music of the original japanese dub in a scene where goku turns super saiyan for the first time completely makes the scene in the originals.,18,"['yeah', 'the', 'fairy', 'music', 'of', 'the', 'original', 'japanese', 'dub', 'in', 'a', 'scene', 'where', 'goku', 'turns', 'super', 'saiyan', 'for', 'the', 'first', 'time', 'completely', 'makes', 'the', 'scene', 'in', 'the', 'originals', '.']"
96,"yeah, they also didnt know what germs were and probably defecated in holes, but supposedly lived 5-10s longer than us, probably all the ""chemicals"" in our food",23,"['yeah', ',', 'they', 'also', 'didnt', 'know', 'what', 'germs', 'were', 'and', 'probably', 'defecated', 'in', 'holes', ',', 'but', 'supposedly', 'lived', '5-10s', 'longer', 'than', 'us', ',', 'probably', 'all', 'the', '``', 'chemicals', ""''"", 'in', 'our', 'food']"
41,"look, it's not a logical leap to say that if you took a picture of yourself with a gun and have smoked marijuana you're going to kill people.",18,"['look', ',', 'it', ""'s"", 'not', 'a', 'logical', 'leap', 'to', 'say', 'that', 'if', 'you', 'took', 'a', 'picture', 'of', 'yourself', 'with', 'a', 'gun', 'and', 'have', 'smoked', 'marijuana', 'you', ""'re"", 'going', 'to', 'kill', 'people', '.']"
123,"sure, if you call banning abortion, gay marriage, kill national healthcare, free college tuition, and removing money from politics as productive...then bernie is only holding this country back.",29,"['sure', ',', 'if', 'you', 'call', 'banning', 'abortion', ',', 'gay', 'marriage', ',', 'kill', 'national', 'healthcare', ',', 'free', 'college', 'tuition', ',', 'and', 'removing', 'money', 'from', 'politics', 'as', 'productive', '...', 'then', 'bernie', 'is', 'only', 'holding', 'this', 'country', 'back', '.']"
72,i love how everyone here is responding to the stereotyping of canadians by stereotyping americans and members of christian faith... really proving how much better we are,22,"['i', 'love', 'how', 'everyone', 'here', 'is', 'responding', 'to', 'the', 'stereotyping', 'of', 'canadians', 'by', 'stereotyping', 'americans', 'and', 'members', 'of', 'christian', 'faith', '...', 'really', 'proving', 'how', 'much', 'better', 'we', 'are']"
148,i know every patron of the show n tail is relieved that their moral values aren't being compromised by bare tits thanks to the leo's swift action.,24,"['i', 'know', 'every', 'patron', 'of', 'the', 'show', 'n', 'tail', 'is', 'relieved', 'that', 'their', 'moral', 'values', 'are', ""n't"", 'being', 'compromised', 'by', 'bare', 'tits', 'thanks', 'to', 'the', 'leo', ""'s"", 'swift', 'action', '.']"
94,marijuana killed 2 people in the history of the world and it happened when marijuana is starting to become legal stop it now befive it's too late,18,"['marijuana', 'killed', '2', 'people', 'in', 'the', 'history', 'of', 'the', 'world', 'and', 'it', 'happened', 'when', 'marijuana', 'is', 'starting', 'to', 'become', 'legal', 'stop', 'it', 'now', 'befive', 'it', ""'s"", 'too', 'late']"
47,"no way.. i thought a saltire is a heraldic symbol in the form of a diagonal cross, like the shape of the letter x in roman type.",17,"['no', 'way..', 'i', 'thought', 'a', 'saltire', 'is', 'a', 'heraldic', 'symbol', 'in', 'the', 'form', 'of', 'a', 'diagonal', 'cross', ',', 'like', 'the', 'shape', 'of', 'the', 'letter', 'x', 'in', 'roman', 'type', '.']"
161,"the guys up top have to finance yachts and summer homes though, they can't waste money on bs like cafeteria staff so the peons are ""comfortable"" geez.",21,"['the', 'guys', 'up', 'top', 'have', 'to', 'finance', 'yachts', 'and', 'summer', 'homes', 'though', ',', 'they', 'ca', ""n't"", 'waste', 'money', 'on', 'bs', 'like', 'cafeteria', 'staff', 'so', 'the', 'peons', 'are', '``', 'comfortable', ""''"", 'geez', '.']"
240,"educate yourself shitlord, black people never do anything wrong ever, and when black people are seen committing crimes, it's always just a white person in black face.",26,"['educate', 'yourself', 'shitlord', ',', 'black', 'people', 'never', 'do', 'anything', 'wrong', 'ever', ',', 'and', 'when', 'black', 'people', 'are', 'seen', 'committing', 'crimes', ',', 'it', ""'s"", 'always', 'just', 'a', 'white', 'person', 'in', 'black', 'face', '.']"
161,every castist poll calculation and appeasement is ok for bjp as long as it does not involve muslims - thanks amit shah for this bold new india !,20,"['every', 'castist', 'poll', 'calculation', 'and', 'appeasement', 'is', 'ok', 'for', 'bjp', 'as', 'long', 'as', 'it', 'does', 'not', 'involve', 'muslims', '-', 'thanks', 'amit', 'shah', 'for', 'this', 'bold', 'new', 'india', '!']"
217,"well you could just attach the lease agreement to your bonnet, you'll probably be so close up someone else's arse they'd be able to read it clearly.",22,"['well', 'you', 'could', 'just', 'attach', 'the', 'lease', 'agreement', 'to', 'your', 'bonnet', ',', 'you', ""'ll"", 'probably', 'be', 'so', 'close', 'up', 'someone', 'else', ""'s"", 'arse', 'they', ""'d"", 'be', 'able', 'to', 'read', 'it', 'clearly', '.']"
40,women use condoms on there sex toys sometimes or make diy toys with them either that or she getting banged... but at least she is being safe,16,"['women', 'use', 'condoms', 'on', 'there', 'sex', 'toys', 'sometimes', 'or', 'make', 'diy', 'toys', 'with', 'them', 'either', 'that', 'or', 'she', 'getting', 'banged', '...', 'but', 'at', 'least', 'she', 'is', 'being', 'safe']"
220,"yeah, because taking full control of the railways and marching millions of men through a small country will have no negative side effects to the country affected.",19,"['yeah', ',', 'because', 'taking', 'full', 'control', 'of', 'the', 'railways', 'and', 'marching', 'millions', 'of', 'men', 'through', 'a', 'small', 'country', 'will', 'have', 'no', 'negative', 'side', 'effects', 'to', 'the', 'country', 'affected', '.']"
48,"what are you talking about, i love getting bodied by a tier 3 myers after i get matched with rank 20's that just bought the game.",21,"['what', 'are', 'you', 'talking', 'about', ',', 'i', 'love', 'getting', 'bodied', 'by', 'a', 'tier', '3', 'myers', 'after', 'i', 'get', 'matched', 'with', 'rank', '20', ""'s"", 'that', 'just', 'bought', 'the', 'game', '.']"
64,"the tag on the post says that it's not the cammer, but of course we all know that the cammer is completely, 100% at fault here.",18,"['the', 'tag', 'on', 'the', 'post', 'says', 'that', 'it', ""'s"", 'not', 'the', 'cammer', ',', 'but', 'of', 'course', 'we', 'all', 'know', 'that', 'the', 'cammer', 'is', 'completely', ',', '100', '%', 'at', 'fault', 'here', '.']"
189,never in a million years could 20 10 year olds all fighting with pillows cause 2 to get wayyy too into it and beat each other up.,15,"['never', 'in', 'a', 'million', 'years', 'could', '20', '10', 'year', 'olds', 'all', 'fighting', 'with', 'pillows', 'cause', '2', 'to', 'get', 'wayyy', 'too', 'into', 'it', 'and', 'beat', 'each', 'other', 'up', '.']"
222,er... well technically my post that was downvoted to hell was an au called underfail and that means this goes against copyright and you suck and meeeh,18,"['er', '...', 'well', 'technically', 'my', 'post', 'that', 'was', 'downvoted', 'to', 'hell', 'was', 'an', 'au', 'called', 'underfail', 'and', 'that', 'means', 'this', 'goes', 'against', 'copyright', 'and', 'you', 'suck', 'and', 'meeeh']"
